city,location,price,bedrooms,baths,size,title,page_url,date_added,property_type,latitude,longitude,number_of_photos,province,agency,purpose
Abbottabad,"Javaid Shahid Road, Abbottabad",21000000,8,6,1350,Double Storey 6 Marla Corner House For Sale,https://www.zameen.com/Property/abbottabad_javaid_shahid_road_double_storey_6_marla_corner_house_for_sale-47543839-16240-1.html,Added: 2 weeks ago,Houses_Property,34.195134,73.23865,6,Khyber Pakhtunkhwa,Monarch International,Buy
Abbottabad,"Javaid Shahid Road, Abbottabad",21000000,8,6,1350,Double Storey 6 Marla Corner House For Sale,,Added: 2 weeks ago,Houses_Property,34.195134,73.23865,6,Khyber Pakhtunkhwa,Monarch International,Buy
Abbottabad,"Javaid Shahid Road, Abbottabad",21000000,8,6,1350,Double Storey 6 Marla Corner House For Sale,,Added: 2 weeks ago,Houses_Property,34.195134,73.23865,6,Khyber Pakhtunkhwa,Monarch International,Buy
Abbottabad,"Bilal Town, Abbottabad",19000000,8,6,2250,10 Marla House for sale,https://www.zameen.com/Property/abbottabad_bilal_town_10_marla_house_for_sale-46801319-754-1.html,Added: 1 week ago,Houses_Property,34.17169,73.238069,21,Khyber Pakhtunkhwa,Talaash Property  Builders,Buy
Abbottabad,"Bilal Town, Abbottabad",19000000,8,6,2250,10 Marla House for sale,,Added: 1 week ago,Houses_Property,34.17169,73.238069,21,Khyber Pakhtunkhwa,Talaash Property  Builders,Buy
Abbottabad,"Habibullah Colony, Abbottabad",50000000,6,6,3150,Double Portion House For Sale In Habibullah Colony Mandian Abbottabad,https://www.zameen.com/Property/abbottabad_habibullah_colony_double_portion_house_for_sale_in_habibullah_colony_mandian_abbottabad-47551521-761-1.html,Added: 2 weeks ago,Houses_Property,34.189121,73.245506,20,Khyber Pakhtunkhwa,The Green Properties & Builders,Buy
Abbottabad,"Allama Iqbal Town, Abbottabad",29000000,6,6,2025,Brand New Double Storey House For Sale Near Small Industry Road,https://www.zameen.com/Property/abbottabad_allama_iqbal_town_brand_new_double_storey_house_for_sale_near_small_industry_road-47600866-8516-1.html,Added: 3 days ago,Houses_Property,34.200338,73.22353,1,Khyber Pakhtunkhwa,Attifaq Estate Property Advisor And Builders,Buy
Abbottabad,"Allama Iqbal Town, Abbottabad",29000000,6,6,2025,Brand New Double Storey House For Sale Near Small Industry Road,,Added: 3 days ago,Houses_Property,34.200338,73.22353,1,Khyber Pakhtunkhwa,Attifaq Estate Property Advisor And Builders,Buy
Abbottabad,"Khaira Gali, Abbottabad",24500000,2,2,1012,KHAIRA GALI A PLACE YOU CALL YOUR HEAVEN WHERE PEACE IS EVERYWHERE,https://www.zameen.com/Property/abbottabad_khaira_gali_khaira_gali_a_place_you_call_your_heaven_where_peace_is_everywhere-47339040-14035-1.html,Added: 1 day ago,Flats_Apartments,33.982407,73.399653,16,Khyber Pakhtunkhwa,Unity Estates,Buy
Abbottabad,"Khaira Gali, Abbottabad",24500000,2,2,1012,KHAIRA GALI A PLACE YOU CALL YOUR HEAVEN WHERE PEACE IS EVERYWHERE,,Added: 1 day ago,Flats_Apartments,33.982407,73.399653,16,Khyber Pakhtunkhwa,Unity Estates,Buy
Abbottabad,"Nathia Gali, Abbottabad",45000000,3,3,2205,3 Bed Full Furnished Hotel Apartment For Sale,https://www.zameen.com/Property/abbottabad_nathia_gali_3_bed_full_furnished_hotel_apartment_for_sale-47609679-1248-1.html,Added: 2 days ago,Flats_Apartments,34.073031,73.38118,22,Khyber Pakhtunkhwa,,Buy
Abbottabad,"Jinnahabad, Abbottabad",24000000,0,0,2250,Single Story House For Sale In Lower Jinnahabad Mandian Abbottabad,https://www.zameen.com/Property/abbottabad_jinnahabad_single_story_house_for_sale_in_lower_jinnahabad_mandian_abbottabad-47594431-746-1.html,Added: 5 days ago,Houses_Property,34.193772,73.239191,7,Khyber Pakhtunkhwa,The Green Properties & Builders,Buy
Abbottabad,"Jinnahabad, Abbottabad",24000000,0,0,2250,Single Story House For Sale In Lower Jinnahabad Mandian Abbottabad,,Added: 5 days ago,Houses_Property,34.193772,73.239191,7,Khyber Pakhtunkhwa,The Green Properties & Builders,Buy
Abbottabad,"Others, Abbottabad",8000000,3,3,1125,5 Marla House for sale,https://www.zameen.com/Property/abbottabad_others_5_marla_house_for_sale-45725507-386-1.html,Added: 1 week ago,Houses_Property,34.1688,73.2215,12,Khyber Pakhtunkhwa,Talaash Property  Builders,Buy
Abbottabad,"Small Industry Road, Abbottabad",21000000,6,6,1462,House for sale,https://www.zameen.com/Property/abbottabad_small_industry_road_house_for_sale-45840105-13455-1.html,Added: 1 week ago,Houses_Property,34.20076,73.234128,18,Khyber Pakhtunkhwa,Talaash Property  Builders,Buy
Abbottabad,"Small Industry Road, Abbottabad",21000000,6,6,1462,House for sale,,Added: 1 week ago,Houses_Property,34.20076,73.234128,18,Khyber Pakhtunkhwa,Talaash Property  Builders,Buy
Abbottabad,"Maira Tal Road, Abbottabad",9500000,3,3,1125,5 Marla single story house,https://www.zameen.com/Property/abbottabad_maira_tal_road_5_marla_single_story_house-46440843-21446-1.html,Added: 1 week ago,Houses_Property,34.21472198798403,73.23640939882992,12,Khyber Pakhtunkhwa,Talaash Property  Builders,Buy
Abbottabad,"Maira Tal Road, Abbottabad",22000000,6,6,1800,8 Marla Double Storey House,https://www.zameen.com/Property/abbottabad_maira_tal_road_8_marla_double_storey_house-46914037-21446-1.html,Added: 1 week ago,Houses_Property,34.21472198798403,73.23640939882992,26,Khyber Pakhtunkhwa,Talaash Property  Builders,Buy
Abbottabad,"Small Industry Road, Abbottabad",15000000,6,6,1238,5.5 Marla Double Storey New House,https://www.zameen.com/Property/abbottabad_small_industry_road_5_5_marla_double_storey_new_house-44284110-13455-1.html,Added: 2 weeks ago,Houses_Property,34.20076,73.234128,25,Khyber Pakhtunkhwa,Talaash Property  Builders,Buy
Abbottabad,"Small Industry Road, Abbottabad",15000000,6,6,1238,5.5 Marla Double Storey New House,,Added: 2 weeks ago,Houses_Property,34.20076,73.234128,25,Khyber Pakhtunkhwa,Talaash Property  Builders,Buy
Abbottabad,"Kaghan Colony, Abbottabad",25000000,7,0,2250,Double Story House Available For Sale In Kaghan Colony,https://www.zameen.com/Property/abbottabad_kaghan_colony_double_story_house_available_for_sale_in_kaghan_colony-45573171-1096-1.html,Added: 2 weeks ago,Houses_Property,34.191615,73.228793,5,Khyber Pakhtunkhwa,ARCHITECT BUILDERS  REAL ESTATE ADVISER,Buy
Abbottabad,"Supply, Abbottabad",45000000,0,0,3600,Double Storey House Available For Sale,https://www.zameen.com/Property/abbottabad_supply_double_storey_house_available_for_sale-45828151-1099-1.html,Added: 2 weeks ago,Houses_Property,34.179427,73.229268,6,Khyber Pakhtunkhwa,ARCHITECT BUILDERS  REAL ESTATE ADVISER,Buy
Abbottabad,"Jinnahabad, Abbottabad",56000000,6,6,4500,House for sale in Main Jinnahabad,https://www.zameen.com/Property/abbottabad_jinnahabad_house_for_sale_in_main_jinnahabad-45987199-746-1.html,Added: 2 weeks ago,Houses_Property,34.193772,73.239191,7,Khyber Pakhtunkhwa,Allied Builders & Property Consultant,Buy
Abbottabad,"Hassan Town, Abbottabad",25000000,6,6,2250,Double Storey House For sale in Hassan Town Abbottabad,https://www.zameen.com/Property/abbottabad_hassan_town_double_storey_house_for_sale_in_hassan_town_abbottabad-45780515-12525-1.html,Added: 1 week ago,Houses_Property,34.172755,73.230558,2,Khyber Pakhtunkhwa,Aitemad Property Dealers,Buy
Abbottabad,"Habibullah Colony, Abbottabad",24000000,0,0,1350,6 Marla Double Storey House For Sale In Main Habibullah Colony,https://www.zameen.com/Property/abbottabad_habibullah_colony_6_marla_double_storey_house_for_sale_in_main_habibullah_colony-45115368-761-1.html,Added: 2 weeks ago,Houses_Property,34.189121,73.245506,3,Khyber Pakhtunkhwa,Property Consultant Abbottabad,Buy
Abbottabad,"Habibullah Colony, Abbottabad",24000000,0,0,1350,6 Marla Double Storey House For Sale In Main Habibullah Colony,,Added: 2 weeks ago,Houses_Property,34.189121,73.245506,3,Khyber Pakhtunkhwa,Property Consultant Abbottabad,Buy
Abbottabad,"Khaira Gali, Abbottabad",18000000,1,2,698,701 Square Feet Flat Is Available For Sale In Khaira Gali,https://www.zameen.com/Property/abbottabad_khaira_gali_701_square_feet_flat_is_available_for_sale_in_khaira_gali-45992167-14035-1.html,Added: 1 day ago,Flats_Apartments,33.982407,73.399653,36,Khyber Pakhtunkhwa,Unity Estates,Buy
Abbottabad,"Kaghan Colony, Abbottabad",48000000,7,6,2722,Amazing Designer House Is Available At Very Out Class Location Kaghan Colony Mandian Abbottabad.,https://www.zameen.com/Property/abbottabad_kaghan_colony_amazing_designer_house_is_available_at_very_out_class_location_kaghan_colony_mandian_abbottabad-46417507-1096-1.html,Added: 6 days ago,Houses_Property,34.1916,73.2288,48,Khyber Pakhtunkhwa,MZ Bhatti Real Estate,Buy
Abbottabad,"Kaghan Colony, Abbottabad",48000000,7,6,2722,Amazing Designer House Is Available At Very Out Class Location Kaghan Colony Mandian Abbottabad.,,Added: 6 days ago,Houses_Property,34.1916,73.2288,48,Khyber Pakhtunkhwa,MZ Bhatti Real Estate,Buy
Abbottabad,"Thanda Choha, Abbottabad",7500000,2,2,900,4 Marla Single Storey House,https://www.zameen.com/Property/abbottabad_thanda_choha_4_marla_single_storey_house-43938864-12048-1.html,Added: 1 week ago,Houses_Property,34.177193,73.247489,11,Khyber Pakhtunkhwa,Talaash Property  Builders,Buy
Abbottabad,"Javaid Shahid Road, Abbottabad",24400000,6,6,1575,7 Marla Double Storey House For Sale,https://www.zameen.com/Property/abbottabad_javaid_shahid_road_7_marla_double_storey_house_for_sale-45439822-16240-1.html,Added: 1 week ago,Houses_Property,34.195134,73.23865,38,Khyber Pakhtunkhwa,Talaash Property  Builders,Buy
Abbottabad,"Maira Muzzafar, Abbottabad",11000000,3,3,1575,7 Marla House,https://www.zameen.com/Property/abbottabad_maira_muzzafar_7_marla_house-45712204-15869-1.html,Added: 1 week ago,Houses_Property,34.223189,73.231256,9,Khyber Pakhtunkhwa,Talaash Property  Builders,Buy
Abbottabad,"Maira Muzzafar, Abbottabad",11000000,3,3,1575,7 Marla House,,Added: 1 week ago,Houses_Property,34.223189,73.231256,9,Khyber Pakhtunkhwa,Talaash Property  Builders,Buy
Abbottabad,"Maira Muzzafar, Abbottabad",9000000,3,3,900,4 Marla House for sale,https://www.zameen.com/Property/abbottabad_maira_muzzafar_4_marla_house_for_sale-45725445-15869-1.html,Added: 1 week ago,Houses_Property,34.223189,73.231256,15,Khyber Pakhtunkhwa,Talaash Property  Builders,Buy
Abbottabad,"Sherwan Road, Abbottabad",35000000,10,6,2250,"House For Sale In Rs. 35,000,000",https://www.zameen.com/Property/abbottabad_sherwan_road_house_for_sale_in_rs_35_000_000-46606726-7444-1.html,Added: 1 week ago,Houses_Property,34.155089,73.203188,50,Khyber Pakhtunkhwa,Talaash Property  Builders,Buy
Abbottabad,"Jhangi Syedan, Abbottabad",14000000,6,6,1350,6 Marla double story house,https://www.zameen.com/Property/abbottabad_jhangi_syedan_6_marla_double_story_house-46913952-1095-1.html,Added: 1 week ago,Houses_Property,34.178577,73.226008,13,Khyber Pakhtunkhwa,Talaash Property  Builders,Buy
Abbottabad,"Jhangi Syedan, Abbottabad",14000000,6,6,1350,6 Marla double story house,,Added: 1 week ago,Houses_Property,34.178577,73.226008,13,Khyber Pakhtunkhwa,Talaash Property  Builders,Buy
Abbottabad,"Township Scheme, Abbottabad",7500000,0,0,1125,5 Marla Single Story Brand New House For Sale In Sector F Township Abbottabad,https://www.zameen.com/Property/abbottabad_township_scheme_5_marla_single_story_brand_new_house_for_sale_in_sector_f_township_abbottabad-46535067-12000-1.html,Added: 3 days ago,Houses_Property,34.190165,73.263131,0,Khyber Pakhtunkhwa,Attifaq Estate Property Advisor And Builders,Buy
Abbottabad,"Township Scheme, Abbottabad",7500000,0,0,1125,5 Marla Single Story Brand New House For Sale In Sector F Township Abbottabad,,Added: 3 days ago,Houses_Property,34.190165,73.263131,0,Khyber Pakhtunkhwa,Attifaq Estate Property Advisor And Builders,Buy
Abbottabad,"Township Scheme, Abbottabad",7500000,0,0,1125,5 Marla Single Story Brand New House For Sale In Sector F Township Abbottabad,,Added: 3 days ago,Houses_Property,34.190165,73.263131,0,Khyber Pakhtunkhwa,Attifaq Estate Property Advisor And Builders,Buy
Abbottabad,"Mirpur Maira, Abbottabad",16000000,0,0,2250,10 Marla Single Story House For Sale In Maira Mirpur Abbottabad,https://www.zameen.com/Property/abbottabad_mirpur_maira_10_marla_single_story_house_for_sale_in_maira_mirpur_abbottabad-46778171-12430-1.html,Added: 3 days ago,Houses_Property,34.199695,73.251652,0,Khyber Pakhtunkhwa,Attifaq Estate Property Advisor And Builders,Buy
Abbottabad,"Mirpur Maira, Abbottabad",16000000,0,0,2250,10 Marla Single Story House For Sale In Maira Mirpur Abbottabad,,Added: 3 days ago,Houses_Property,34.199695,73.251652,0,Khyber Pakhtunkhwa,Attifaq Estate Property Advisor And Builders,Buy
Abbottabad,"PMA Road, Abbottabad",16000000,0,0,1800,South Open Double Story House for sale PMA Road Abbottabad,https://www.zameen.com/Property/abbottabad_pma_road_south_open_double_story_house_for_sale_pma_road_abbottabad-46149656-577-1.html,Added: 1 week ago,Houses_Property,34.182616,73.252394,0,Khyber Pakhtunkhwa,Aitemad Property Dealers,Buy
Abbottabad,"Bilal Town, Abbottabad",33000000,8,6,2700,12 Marla House for sale,https://www.zameen.com/Property/abbottabad_bilal_town_12_marla_house_for_sale-46690666-754-1.html,Added: 1 week ago,Houses_Property,34.17169,73.238069,15,Khyber Pakhtunkhwa,Talaash Property  Builders,Buy
Abbottabad,"Bilal Town, Abbottabad",33000000,8,6,2700,12 Marla House for sale,,Added: 1 week ago,Houses_Property,34.17169,73.238069,15,Khyber Pakhtunkhwa,Talaash Property  Builders,Buy
Abbottabad,"Bilqias Town, Abbottabad",25000000,6,6,2250,10 Marla House for sale,https://www.zameen.com/Property/abbottabad_bilqias_town_10_marla_house_for_sale-46735826-8513-1.html,Added: 1 week ago,Houses_Property,34.192582,73.226813,8,Khyber Pakhtunkhwa,Talaash Property  Builders,Buy
Abbottabad,"Bilqias Town, Abbottabad",25000000,6,6,2250,10 Marla House for sale,,Added: 1 week ago,Houses_Property,34.192582,73.226813,8,Khyber Pakhtunkhwa,Talaash Property  Builders,Buy
Abbottabad,"Kaghan Colony, Abbottabad",20000000,4,4,2475,11 Marla House,https://www.zameen.com/Property/abbottabad_kaghan_colony_11_marla_house-46919951-1096-1.html,Added: 1 week ago,Houses_Property,34.191615,73.228793,13,Khyber Pakhtunkhwa,Talaash Property  Builders,Buy
Abbottabad,"Usmanabad, Abbottabad",13000000,6,6,1125,5.5 marla double story new house for sale in Usmanabad abbottabad,https://www.zameen.com/Property/abbottabad_usmanabad_5_5_marla_double_story_new_house_for_sale_in_usmanabad_abbottabad-47602829-8514-1.html,Added: 1 week ago,Houses_Property,34.208661,73.226298,8,Khyber Pakhtunkhwa,New Insaf Estate Linkers,Buy
Abbottabad,"Usmanabad, Abbottabad",13000000,6,6,1125,5.5 marla double story new house for sale in Usmanabad abbottabad,,Added: 1 week ago,Houses_Property,34.208661,73.226298,8,Khyber Pakhtunkhwa,New Insaf Estate Linkers,Buy
Abbottabad,"Usmanabad, Abbottabad",13000000,6,6,1125,5.5 marla double story new house for sale in Usmanabad abbottabad,,Added: 1 week ago,Houses_Property,34.208661,73.226298,8,Khyber Pakhtunkhwa,New Insaf Estate Linkers,Buy
Abbottabad,"Usmanabad, Abbottabad",13000000,6,6,1125,5.5 marla double story new house for sale in Usmanabad abbottabad,,Added: 1 week ago,Houses_Property,34.208661,73.226298,8,Khyber Pakhtunkhwa,New Insaf Estate Linkers,Buy
Abbottabad,"Usmanabad, Abbottabad",13000000,6,6,1125,5.5 marla double story new house for sale in Usmanabad abbottabad,,Added: 1 week ago,Houses_Property,34.208661,73.226298,8,Khyber Pakhtunkhwa,New Insaf Estate Linkers,Buy
Abbottabad,"Usmanabad, Abbottabad",13000000,6,6,1125,5.5 marla double story new house for sale in Usmanabad abbottabad,,Added: 1 week ago,Houses_Property,34.208661,73.226298,8,Khyber Pakhtunkhwa,New Insaf Estate Linkers,Buy
Abbottabad,"Usmanabad, Abbottabad",13000000,6,6,1125,5.5 marla double story new house for sale in Usmanabad abbottabad,,Added: 1 week ago,Houses_Property,34.208661,73.226298,8,Khyber Pakhtunkhwa,New Insaf Estate Linkers,Buy
Abbottabad,"Usmanabad, Abbottabad",13000000,6,6,1125,5.5 marla double story new house for sale in Usmanabad abbottabad,,Added: 1 week ago,Houses_Property,34.208661,73.226298,8,Khyber Pakhtunkhwa,New Insaf Estate Linkers,Buy
Abbottabad,"Usmanabad, Abbottabad",13000000,6,6,1125,5.5 marla double story new house for sale in Usmanabad abbottabad,,Added: 1 week ago,Houses_Property,34.208661,73.226298,8,Khyber Pakhtunkhwa,New Insaf Estate Linkers,Buy
Abbottabad,"Usmanabad, Abbottabad",13000000,6,6,1125,5.5 marla double story new house for sale in Usmanabad abbottabad,,Added: 1 week ago,Houses_Property,34.208661,73.226298,8,Khyber Pakhtunkhwa,New Insaf Estate Linkers,Buy
Abbottabad,"Habibullah Colony, Abbottabad",85000000,0,0,4500,Double Story House For Sale In Habibullah Colony Abbottabad,https://www.zameen.com/Property/abbottabad_habibullah_colony_double_story_house_for_sale_in_habibullah_colony_abbottabad-47545669-761-1.html,Added: 1 week ago,Houses_Property,34.189121,73.245506,13,Khyber Pakhtunkhwa,Raza Property Advisor,Buy
Abbottabad,"Bilal Town, Abbottabad",40000000,0,0,3375,Double Story House For Sale In Bilal Town,https://www.zameen.com/Property/abbottabad_bilal_town_double_story_house_for_sale_in_bilal_town-47558306-754-1.html,Added: 2 weeks ago,Houses_Property,34.17169,73.238069,5,Khyber Pakhtunkhwa,Ehsan Traders Property Dealer,Buy
Abbottabad,"Usmanabad, Abbottabad",14000000,6,6,1125,New Double Story House For Sale In Usmanabad,https://www.zameen.com/Property/abbottabad_usmanabad_new_double_story_house_for_sale_in_usmanabad-47483578-8514-1.html,Added: 2 weeks ago,Houses_Property,34.208661,73.226298,10,Khyber Pakhtunkhwa,New Insaf Estate Linkers,Buy
Abbottabad,"Habibullah Colony, Abbottabad",38000000,6,6,2250,Double Story New House For Sale In habibullah Colony Abbottabad,https://www.zameen.com/Property/abbottabad_habibullah_colony_double_story_new_house_for_sale_in_habibullah_colony_abbottabad-47483560-761-1.html,Added: 2 weeks ago,Houses_Property,34.189121,73.245506,12,Khyber Pakhtunkhwa,New Insaf Estate Linkers,Buy
Abbottabad,"Habibullah Colony, Abbottabad",38000000,6,6,2250,Double Story New House For Sale In habibullah Colony Abbottabad,,Added: 2 weeks ago,Houses_Property,34.189121,73.245506,12,Khyber Pakhtunkhwa,New Insaf Estate Linkers,Buy
Abbottabad,"Habibullah Colony, Abbottabad",33000000,6,6,2250,Double Story House For Sale In Habibullah Colony,https://www.zameen.com/Property/abbottabad_habibullah_colony_double_story_house_for_sale_in_habibullah_colony-47483556-761-1.html,Added: 2 weeks ago,Houses_Property,34.189121,73.245506,10,Khyber Pakhtunkhwa,New Insaf Estate Linkers,Buy
Abbottabad,"Bilqias Town, Abbottabad",27000000,0,0,2250,Triple Story House For Sale In Bilqias Town Mandian Abbottabad,https://www.zameen.com/Property/abbottabad_bilqias_town_triple_story_house_for_sale_in_bilqias_town_mandian_abbottabad-47483544-8513-1.html,Added: 2 weeks ago,Houses_Property,34.192582,73.226813,17,Khyber Pakhtunkhwa,New Insaf Estate Linkers,Buy
Abbottabad,"Bilqias Town, Abbottabad",27000000,0,0,2250,Triple Story House For Sale In Bilqias Town Mandian Abbottabad,,Added: 2 weeks ago,Houses_Property,34.192582,73.226813,17,Khyber Pakhtunkhwa,New Insaf Estate Linkers,Buy
Abbottabad,"Jinnahabad, Abbottabad",26000000,6,6,1575,7 Marla double story brand new house for sale in lower Jinnahabad abbottabad,https://www.zameen.com/Property/abbottabad_jinnahabad_7_marla_double_story_brand_new_house_for_sale_in_lower_jinnahabad_abbottabad-47483523-746-1.html,Added: 2 weeks ago,Houses_Property,34.193772,73.239191,6,Khyber Pakhtunkhwa,New Insaf Estate Linkers,Buy
Abbottabad,"Usmanabad, Abbottabad",20000000,0,0,1800,Double Storey House For Sale Near DSP Masjid Usmanabad,https://www.zameen.com/Property/abbottabad_usmanabad_double_storey_house_for_sale_near_dsp_masjid_usmanabad-46131524-8514-1.html,Added: 3 weeks ago,Houses_Property,34.208661,73.226298,9,Khyber Pakhtunkhwa,ARCHITECT BUILDERS  REAL ESTATE ADVISER,Buy
Abbottabad,"Sir Syed Colony, Abbottabad",15000000,6,6,1125,Brand New Double Story House For Sale in Sir Syed Colony Abbottabad,https://www.zameen.com/Property/abbottabad_sir_syed_colony_brand_new_double_story_house_for_sale_in_sir_syed_colony_abbottabad-45660011-1274-1.html,Added: 3 weeks ago,Houses_Property,34.198998,73.233059,8,Khyber Pakhtunkhwa,ARCHITECT BUILDERS  REAL ESTATE ADVISER,Buy
Abbottabad,"Sir Syed Colony, Abbottabad",15000000,6,6,1125,Brand New Double Story House For Sale in Sir Syed Colony Abbottabad,,Added: 3 weeks ago,Houses_Property,34.198998,73.233059,8,Khyber Pakhtunkhwa,ARCHITECT BUILDERS  REAL ESTATE ADVISER,Buy
Abbottabad,"Officers Colony, Abbottabad",22000000,6,6,1350,Double Storey House For Sale in Officer Colony Abbottabad,https://www.zameen.com/Property/abbottabad_officers_colony_double_storey_house_for_sale_in_officer_colony_abbottabad-45660050-1298-1.html,Added: 3 weeks ago,Houses_Property,34.209903,73.235511,6,Khyber Pakhtunkhwa,ARCHITECT BUILDERS  REAL ESTATE ADVISER,Buy
Abbottabad,"Others, Abbottabad",220000000,0,0,9000,40 Marla Triple Story House in Galeyat Area,https://www.zameen.com/Property/abbottabad_others_40_marla_triple_story_house_in_galeyat_area-45981954-386-1.html,Added: 3 weeks ago,Houses_Property,34.1688,73.2215,11,Khyber Pakhtunkhwa,Muhammadi Property Dealer,Buy
Abbottabad,"Nathia Gali, Abbottabad",37000000,0,0,1575,7 Marla Triple Story House In Gilyaat Nice and Full Furnished House,https://www.zameen.com/Property/abbottabad_nathia_gali_7_marla_triple_story_house_in_gilyaat_nice_and_full_furnished_house-45601174-1248-1.html,Added: 3 weeks ago,Houses_Property,34.073031,73.38118,16,Khyber Pakhtunkhwa,Muhammadi Property Dealer,Buy
Abbottabad,"Nathia Gali, Abbottabad",37000000,0,0,1575,7 Marla Triple Story House In Gilyaat Nice and Full Furnished House,,Added: 3 weeks ago,Houses_Property,34.073031,73.38118,16,Khyber Pakhtunkhwa,Muhammadi Property Dealer,Buy
Abbottabad,"Nathia Gali, Abbottabad",33000000,0,0,1350,Full Furnished House in Gilyaat Near Nathiagali 6 Marla out class Nice View,https://www.zameen.com/Property/abbottabad_nathia_gali_full_furnished_house_in_gilyaat_near_nathiagali_6_marla_out_class_nice_view-45601310-1248-1.html,Added: 3 weeks ago,Houses_Property,34.073031,73.38118,13,Khyber Pakhtunkhwa,Muhammadi Property Dealer,Buy
Abbottabad,"Nathia Gali, Abbottabad",33000000,0,0,1350,Full Furnished House in Gilyaat Near Nathiagali 6 Marla out class Nice View,,Added: 3 weeks ago,Houses_Property,34.073031,73.38118,13,Khyber Pakhtunkhwa,Muhammadi Property Dealer,Buy
Abbottabad,"Nathia Gali, Abbottabad",33000000,0,0,1350,Full Furnished House in Gilyaat Near Nathiagali 6 Marla out class Nice View,,Added: 3 weeks ago,Houses_Property,34.073031,73.38118,13,Khyber Pakhtunkhwa,Muhammadi Property Dealer,Buy
Abbottabad,"Gohar Ayub Town, Abbottabad",17500000,0,0,1350,6 Marla South open Brand New House For Sale in Gohar Ayub Town,https://www.zameen.com/Property/abbottabad_gohar_ayub_town_6_marla_south_open_brand_new_house_for_sale_in_gohar_ayub_town-45659797-8515-1.html,Added: 3 weeks ago,Houses_Property,34.204207,73.224303,14,Khyber Pakhtunkhwa,Muhammadi Property Dealer,Buy
Abbottabad,"Gohar Ayub Town, Abbottabad",17500000,0,0,1350,6 Marla South open Brand New House For Sale in Gohar Ayub Town,,Added: 3 weeks ago,Houses_Property,34.204207,73.224303,14,Khyber Pakhtunkhwa,Muhammadi Property Dealer,Buy
Abbottabad,"Ayub Medical Complex, Abbottabad",16000000,0,0,1125,Luxury House Available For Sale At Prime Location,https://www.zameen.com/Property/abbottabad_ayub_medical_complex_luxury_house_available_for_sale_at_prime_location-46046136-1352-1.html,Added: 3 weeks ago,Houses_Property,34.203808,73.23379,15,Khyber Pakhtunkhwa,Muhammadi Property Dealer,Buy
Abbottabad,"Habibullah Colony, Abbottabad",38000000,8,0,2250,10 Marla Vip House For Sale In Habibullah Colony Abbottabad,https://www.zameen.com/Property/abbottabad_habibullah_colony_10_marla_vip_house_for_sale_in_habibullah_colony_abbottabad-46643607-761-1.html,Added: 3 weeks ago,Houses_Property,34.189121,73.245506,20,Khyber Pakhtunkhwa,Muhammadi Property Dealer,Buy
Abbottabad,"Habibullah Colony, Abbottabad",38000000,8,0,2250,10 Marla Vip House For Sale In Habibullah Colony Abbottabad,,Added: 3 weeks ago,Houses_Property,34.189121,73.245506,20,Khyber Pakhtunkhwa,Muhammadi Property Dealer,Buy
Abbottabad,"Habibullah Colony, Abbottabad",43000000,4,5,2250,10 Marla House In Central Habibullah Colony For sale,https://www.zameen.com/Property/abbottabad_habibullah_colony_10_marla_house_in_central_habibullah_colony_for_sale-40665993-761-1.html,Added: 3 weeks ago,Houses_Property,34.189121,73.245506,5,Khyber Pakhtunkhwa,A & R Property Advisor,Buy
Abbottabad,"Habibullah Colony, Abbottabad",43000000,4,5,2250,10 Marla House In Central Habibullah Colony For sale,,Added: 3 weeks ago,Houses_Property,34.189121,73.245506,5,Khyber Pakhtunkhwa,A & R Property Advisor,Buy
Abbottabad,"Officers Colony, Abbottabad",16000000,3,3,1350,Get In Touch Now To Buy A House In Officers Colony,https://www.zameen.com/Property/abbottabad_officers_colony_get_in_touch_now_to_buy_a_house_in_officers_colony-39277457-1298-1.html,Added: 3 weeks ago,Houses_Property,34.209903,73.235511,5,Khyber Pakhtunkhwa,A & R Property Advisor,Buy
Abbottabad,"Supply, Abbottabad",23000000,4,5,1350,Well-constructed House Available For Sale In Supply,https://www.zameen.com/Property/abbottabad_supply_well-constructed_house_available_for_sale_in_supply-41622223-1099-1.html,Added: 3 weeks ago,Houses_Property,34.179427,73.229268,5,Khyber Pakhtunkhwa,A & R Property Advisor,Buy
Abbottabad,"Supply, Abbottabad",23000000,4,5,1350,Well-constructed House Available For Sale In Supply,,Added: 3 weeks ago,Houses_Property,34.179427,73.229268,5,Khyber Pakhtunkhwa,A & R Property Advisor,Buy
Abbottabad,"Nathia Gali, Abbottabad",22500000,0,0,608,Snow Line Residence Exquisitely Fully Furnished Apartments For Sale,https://www.zameen.com/Property/abbottabad_nathia_gali_snow_line_residence_exquisitely_fully_furnished_apartments_for_sale-45029117-1248-1.html,Added: 3 weeks ago,Flats_Apartments,34.073031,73.38118,11,Khyber Pakhtunkhwa,Al Meezan Properties,Buy
Abbottabad,"Sarban Colony, Kakul Road",16000000,6,6,1575,7 Marla Double Storey House Available For Sale In Sarban Colony Abbottabad,https://www.zameen.com/Property/kakul_road_sarban_colony_7_marla_double_storey_house_available_for_sale_in_sarban_colony_abbottabad-44908942-17559-1.html,Added: 3 weeks ago,Houses_Property,34.171944,73.228646,6,Khyber Pakhtunkhwa,New Insaf Estate Linkers,Buy
Abbottabad,"Sarban Colony, Kakul Road",16000000,6,6,1575,7 Marla Double Storey House Available For Sale In Sarban Colony Abbottabad,,Added: 3 weeks ago,Houses_Property,34.171944,73.228646,6,Khyber Pakhtunkhwa,New Insaf Estate Linkers,Buy
Abbottabad,"Nawansher, Abbottabad",11500000,3,3,1350,Single Storey House For Sale In Orish Colony Nawansher,https://www.zameen.com/Property/abbottabad_nawansher_single_storey_house_for_sale_in_orish_colony_nawansher-45238601-11253-1.html,Added: 3 weeks ago,Houses_Property,34.164201,73.264047,7,Khyber Pakhtunkhwa,New Insaf Estate Linkers,Buy
Abbottabad,"Gulfam Town Society, Abbottabad",35000000,8,6,3375,Looking For A House In Gulfam Town Society,https://www.zameen.com/Property/abbottabad_gulfam_town_society_looking_for_a_house_in_gulfam_town_society-44308916-13530-1.html,Added: 3 weeks ago,Houses_Property,34.219839,73.248268,43,Khyber Pakhtunkhwa,Talaash Property  Builders,Buy
Abbottabad,"Habibullah Colony, Abbottabad",29000000,6,6,2250,10 Marla House,https://www.zameen.com/Property/abbottabad_habibullah_colony_10_marla_house-44876170-761-1.html,Added: 3 weeks ago,Houses_Property,34.189121,73.245506,7,Khyber Pakhtunkhwa,Talaash Property  Builders,Buy
Abbottabad,"Habibullah Colony, Abbottabad",29000000,6,6,2250,10 Marla House,,Added: 3 weeks ago,Houses_Property,34.189121,73.245506,7,Khyber Pakhtunkhwa,Talaash Property  Builders,Buy
Abbottabad,"Usmanabad, Abbottabad",40000000,7,6,4950,22 Marla House For Sale,https://www.zameen.com/Property/abbottabad_usmanabad_22_marla_house_for_sale-44942756-8514-1.html,Added: 3 weeks ago,Houses_Property,34.208661,73.226298,18,Khyber Pakhtunkhwa,Talaash Property  Builders,Buy
Abbottabad,"Murree Road, Abbottabad",12500000,3,3,1462,6.5 Marla House,https://www.zameen.com/Property/abbottabad_murree_road_6_5_marla_house-45058540-7441-1.html,Added: 3 weeks ago,Houses_Property,34.157601,73.243294,18,Khyber Pakhtunkhwa,Talaash Property  Builders,Buy
Abbottabad,"Small Industry Road, Abbottabad",12000000,6,5,1350,6 Marla House for sale,https://www.zameen.com/Property/abbottabad_small_industry_road_6_marla_house_for_sale-46262238-13455-1.html,Added: 3 weeks ago,Houses_Property,34.20076,73.234128,9,Khyber Pakhtunkhwa,Talaash Property  Builders,Buy
Abbottabad,"Gulfam Town Society, Abbottabad",22000000,6,6,1755,House For Sale,https://www.zameen.com/Property/abbottabad_gulfam_town_society_house_for_sale-46420886-13530-1.html,Added: 3 weeks ago,Houses_Property,34.219839,73.248268,34,Khyber Pakhtunkhwa,Talaash Property  Builders,Buy
Abbottabad,"Habibullah Colony, Abbottabad",32000000,5,5,1350,House In Habibullah Colony For Sale,https://www.zameen.com/Property/abbottabad_habibullah_colony_house_in_habibullah_colony_for_sale-46475066-761-1.html,Added: 3 weeks ago,Houses_Property,34.189121,73.245506,23,Khyber Pakhtunkhwa,Talaash Property  Builders,Buy
Abbottabad,"Habibullah Colony, Abbottabad",32000000,5,5,1350,House In Habibullah Colony For Sale,,Added: 3 weeks ago,Houses_Property,34.189121,73.245506,23,Khyber Pakhtunkhwa,Talaash Property  Builders,Buy
Abbottabad,"Shimla Hill Road, Abbottabad",23000000,4,3,2250,10 Marla House for sale,https://www.zameen.com/Property/abbottabad_shimla_hill_road_10_marla_house_for_sale-46533077-17255-1.html,Added: 3 weeks ago,Houses_Property,34.1743775,73.2055468,13,Khyber Pakhtunkhwa,Talaash Property  Builders,Buy
Abbottabad,"Kaghan Colony, Abbottabad",20000000,0,0,2250,10 Marla South Open Double Storey House For Sale In Kaghan Colony Mandian,https://www.zameen.com/Property/abbottabad_kaghan_colony_10_marla_south_open_double_storey_house_for_sale_in_kaghan_colony_mandian-47362758-1096-1.html,Added: 4 weeks ago,Houses_Property,34.191615,73.228793,16,Khyber Pakhtunkhwa,New Insaf Estate Linkers,Buy
Abbottabad,"Kaghan Colony, Abbottabad",20000000,0,0,2250,10 Marla South Open Double Storey House For Sale In Kaghan Colony Mandian,,Added: 4 weeks ago,Houses_Property,34.191615,73.228793,16,Khyber Pakhtunkhwa,New Insaf Estate Linkers,Buy
Abbottabad,"Gulfam Town Society, Abbottabad",22000000,6,6,1575,7.75 Marla Double Story brand new House For Sale in Gulfarm Town,https://www.zameen.com/Property/abbottabad_gulfam_town_society_7_75_marla_double_story_brand_new_house_for_sale_in_gulfarm_town-47362640-13530-1.html,Added: 4 weeks ago,Houses_Property,34.219839,73.248268,6,Khyber Pakhtunkhwa,New Insaf Estate Linkers,Buy
Abbottabad,"Gohar Ayub Town, Abbottabad",8500000,3,3,1125,5 marla Single story house for sale in Gohar ayub Town,https://www.zameen.com/Property/abbottabad_gohar_ayub_town_5_marla_single_story_house_for_sale_in_gohar_ayub_town-47362065-8515-1.html,Added: 4 weeks ago,Houses_Property,34.204207,73.224303,5,Khyber Pakhtunkhwa,New Insaf Estate Linkers,Buy
Abbottabad,"Habibullah Colony, Abbottabad",36500000,0,0,2250,Beautiful House Available For Sale In Rah E Aman Habibullah Colony,https://www.zameen.com/Property/abbottabad_habibullah_colony_beautiful_house_available_for_sale_in_rah_e_aman_habibullah_colony-46051875-761-1.html,Added: 4 weeks ago,Houses_Property,34.189121,73.245506,14,Khyber Pakhtunkhwa,Margla Estate Advisor & Town Developer,Buy
Abbottabad,"Habibullah Colony, Abbottabad",36500000,0,0,2250,Beautiful House Available For Sale In Rah E Aman Habibullah Colony,,Added: 4 weeks ago,Houses_Property,34.189121,73.245506,14,Khyber Pakhtunkhwa,Margla Estate Advisor & Town Developer,Buy
Abbottabad,"Habibullah Colony, Abbottabad",29500000,0,0,1350,6 Marla Double Storey South Open House For Sale In Street 11,https://www.zameen.com/Property/abbottabad_habibullah_colony_6_marla_double_storey_south_open_house_for_sale_in_street_11-46194470-761-1.html,Added: 4 weeks ago,Houses_Property,34.189121,73.245506,14,Khyber Pakhtunkhwa,Margla Estate Advisor & Town Developer,Buy
Abbottabad,"Small Industry Road, Abbottabad",30000000,0,0,2250,Double Story House For Sale in Small Industry Road Abbottabad,https://www.zameen.com/Property/abbottabad_small_industry_road_double_story_house_for_sale_in_small_industry_road_abbottabad-47139060-13455-1.html,Added: 4 weeks ago,Houses_Property,34.20076,73.234128,5,Khyber Pakhtunkhwa,Fahad Real Estate,Buy
Abbottabad,"Bilal Town, Abbottabad",15000000,0,0,1350,Single Storey House For Sale In Bilal Town Abbottabad,https://www.zameen.com/Property/abbottabad_bilal_town_single_storey_house_for_sale_in_bilal_town_abbottabad-45805819-754-1.html,Added: 4 weeks ago,Houses_Property,34.17169,73.238069,11,Khyber Pakhtunkhwa,The Green Properties & Builders,Buy
Abbottabad,"Bilal Town, Abbottabad",15000000,0,0,1350,Single Storey House For Sale In Bilal Town Abbottabad,,Added: 4 weeks ago,Houses_Property,34.17169,73.238069,11,Khyber Pakhtunkhwa,The Green Properties & Builders,Buy
Abbottabad,"Karakoram Highway, Abbottabad",22000000,4,4,1800,8 Marla House Available For Sale At Kala Pul Abbottabad,https://www.zameen.com/Property/abbottabad_karakoram_highway_8_marla_house_available_for_sale_at_kala_pul_abbottabad-46012842-7438-1.html,Added: 4 weeks ago,Houses_Property,34.180086,73.229542,6,Khyber Pakhtunkhwa,The Green Properties & Builders,Buy
Abbottabad,"Karakoram Highway, Abbottabad",22000000,4,4,1800,8 Marla House Available For Sale At Kala Pul Abbottabad,,Added: 4 weeks ago,Houses_Property,34.180086,73.229542,6,Khyber Pakhtunkhwa,The Green Properties & Builders,Buy
Abbottabad,"Karakoram Highway, Abbottabad",22000000,4,4,1800,8 Marla House Available For Sale At Kala Pul Abbottabad,,Added: 4 weeks ago,Houses_Property,34.180086,73.229542,6,Khyber Pakhtunkhwa,The Green Properties & Builders,Buy
Abbottabad,"Habibullah Colony, Abbottabad",22000000,5,5,2250,House Available For Sale In Habibullah Colony Mandian Abbottabad,https://www.zameen.com/Property/abbottabad_habibullah_colony_house_available_for_sale_in_habibullah_colony_mandian_abbottabad-46598858-761-1.html,Added: 4 weeks ago,Houses_Property,34.189121,73.245506,6,Khyber Pakhtunkhwa,The Green Properties & Builders,Buy
Abbottabad,"Habibullah Colony, Abbottabad",22000000,5,5,2250,House Available For Sale In Habibullah Colony Mandian Abbottabad,,Added: 4 weeks ago,Houses_Property,34.189121,73.245506,6,Khyber Pakhtunkhwa,The Green Properties & Builders,Buy
Abbottabad,"PMA Road, Abbottabad",27000000,7,6,3150,House Of 3150 Square Feet Is Available For Sale,https://www.zameen.com/Property/abbottabad_pma_road_house_of_3150_square_feet_is_available_for_sale-46352457-577-1.html,Added: 4 weeks ago,Houses_Property,34.182616,73.252394,16,Khyber Pakhtunkhwa,Imax For All Adam,Buy
Abbottabad,"Nathia Gali, Abbottabad",150000000,6,6,4500,1 KANAL HOUSE ON MAIN ROAD IS AVAILABLE FOR SALE,https://www.zameen.com/Property/abbottabad_nathia_gali_1_kanal_house_on_main_road_is_available_for_sale-47107791-1248-1.html,Added: 1 month ago,Houses_Property,34.073031,73.38118,9,Khyber Pakhtunkhwa,Waheed Estate,Buy
Abbottabad,"Nathia Gali, Abbottabad",150000000,6,6,4500,1 KANAL HOUSE ON MAIN ROAD IS AVAILABLE FOR SALE,,Added: 1 month ago,Houses_Property,34.073031,73.38118,9,Khyber Pakhtunkhwa,Waheed Estate,Buy
Abbottabad,"Habibullah Colony, Abbottabad",36500000,0,0,2250,10 Marla Double Storey Brand New House At Habibullah Colony Abbottabad,https://www.zameen.com/Property/abbottabad_habibullah_colony_10_marla_double_storey_brand_new_house_at_habibullah_colony_abbottabad-45626436-761-1.html,Added: 1 month ago,Houses_Property,34.189121,73.245506,8,Khyber Pakhtunkhwa,Super Land Advisor,Buy
Abbottabad,"Habibullah Colony, Abbottabad",36500000,0,0,2250,10 Marla Double Storey Brand New House At Habibullah Colony Abbottabad,,Added: 1 month ago,Houses_Property,34.189121,73.245506,8,Khyber Pakhtunkhwa,Super Land Advisor,Buy
Abbottabad,"Maira Muzzafar, Abbottabad",14500000,6,6,1125,5 Marla House For Sale,https://www.zameen.com/Property/abbottabad_maira_muzzafar_5_marla_house_for_sale-43381973-15869-1.html,Added: 1 month ago,Houses_Property,34.223189,73.231256,27,Khyber Pakhtunkhwa,Talaash Property  Builders,Buy
Abbottabad,"Jhangi Syedan, Abbottabad",9500000,2,2,1125,5 Marla Single Storey House For Sale,https://www.zameen.com/Property/abbottabad_jhangi_syedan_5_marla_single_storey_house_for_sale-43386724-1095-1.html,Added: 1 month ago,Houses_Property,34.178577,73.226008,21,Khyber Pakhtunkhwa,Talaash Property  Builders,Buy
Abbottabad,"Jhangi Syedan, Abbottabad",9500000,2,2,1125,5 Marla Single Storey House For Sale,,Added: 1 month ago,Houses_Property,34.178577,73.226008,21,Khyber Pakhtunkhwa,Talaash Property  Builders,Buy
Abbottabad,"Bilal Town, Abbottabad",11000000,3,3,1125,5 Marla Single Storey House,https://www.zameen.com/Property/abbottabad_bilal_town_5_marla_single_storey_house-43594125-754-1.html,Added: 1 month ago,Houses_Property,34.17169,73.238069,8,Khyber Pakhtunkhwa,Talaash Property  Builders,Buy
Abbottabad,"Gulfam Town Society, Abbottabad",14500000,3,3,1575,7 Marla Single Storey House,https://www.zameen.com/Property/abbottabad_gulfam_town_society_7_marla_single_storey_house-43646854-13530-1.html,Added: 1 month ago,Houses_Property,34.219839,73.248268,35,Khyber Pakhtunkhwa,Talaash Property  Builders,Buy
Abbottabad,"Gulfam Town Society, Abbottabad",14500000,3,3,1575,7 Marla Single Storey House,,Added: 1 month ago,Houses_Property,34.219839,73.248268,35,Khyber Pakhtunkhwa,Talaash Property  Builders,Buy
Abbottabad,"Thanda Choha, Abbottabad",13000000,3,3,1575,7 Marla single Storey House,https://www.zameen.com/Property/abbottabad_thanda_choha_7_marla_single_storey_house-43768765-12048-1.html,Added: 1 month ago,Houses_Property,34.177193,73.247489,18,Khyber Pakhtunkhwa,Talaash Property  Builders,Buy
Abbottabad,"Kuzagali, Abbottabad",6800000,1,1,495,Hotel suit apartment for sale on 3 years instalment plan,https://www.zameen.com/Property/abbottabad_kuzagali_hotel_suit_apartment_for_sale_on_3_years_instalment_plan-46195636-17709-1.html,Added: 1 month ago,Flats_Apartments,34.015142,73.395504,10,Khyber Pakhtunkhwa,Elaan Marketing,Buy
Abbottabad,"Kuzagali, Abbottabad",6464000,0,1,495,1 Bed Apartment For Sale On Instalment,https://www.zameen.com/Property/abbottabad_kuzagali_1_bed_apartment_for_sale_on_instalment-43997335-17709-1.html,Added: 1 month ago,Flats_Apartments,34.015142,73.395504,14,Khyber Pakhtunkhwa,Elaan Marketing,Buy
Abbottabad,"Kuzagali, Abbottabad",6464000,0,1,495,1 Bed Apartment For Sale On Instalment,,Added: 1 month ago,Flats_Apartments,34.015142,73.395504,14,Khyber Pakhtunkhwa,Elaan Marketing,Buy
Abbottabad,"Ayub Medical Complex, Abbottabad",15800000,6,6,1125,5 Marla Double Portion House For Sale Near Ayub Medical Complex Abbottabad,https://www.zameen.com/Property/abbottabad_ayub_medical_complex_5_marla_double_portion_house_for_sale_near_ayub_medical_complex_abbottabad-42054745-1352-1.html,Added: 1 month ago,Houses_Property,34.203808,73.23379,8,Khyber Pakhtunkhwa,Muhammadi Property Dealer,Buy
Abbottabad,"Usmanabad, Abbottabad",14000000,6,6,1125,5 Marla Brand New House For Sale Near DSP Masjid Usmanabad Abbottabad,https://www.zameen.com/Property/abbottabad_usmanabad_5_marla_brand_new_house_for_sale_near_dsp_masjid_usmanabad_abbottabad-43065484-8514-1.html,Added: 1 month ago,Houses_Property,34.208661,73.226298,20,Khyber Pakhtunkhwa,Muhammadi Property Dealer,Buy
Abbottabad,"Ayub Medical Complex, Abbottabad",15000000,6,6,1125,Out Class House For Sale Brand New,https://www.zameen.com/Property/abbottabad_ayub_medical_complex_out_class_house_for_sale_brand_new-43645483-1352-1.html,Added: 1 month ago,Houses_Property,34.203808,73.23379,21,Khyber Pakhtunkhwa,Muhammadi Property Dealer,Buy
Abbottabad,"Gulfam Town Society, Abbottabad",21500000,5,5,1800,Nice House For Sale In Abbott Abad,https://www.zameen.com/Property/abbottabad_gulfam_town_society_nice_house_for_sale_in_abbott_abad-43645533-13530-1.html,Added: 1 month ago,Houses_Property,34.219839,73.248268,25,Khyber Pakhtunkhwa,Muhammadi Property Dealer,Buy
Abbottabad,"Main Mansehra Road, Abbottabad",18000000,0,0,1800,Beautiful House For Sale In Kala Pul Abbottabad,https://www.zameen.com/Property/abbottabad_main_mansehra_road_beautiful_house_for_sale_in_kala_pul_abbottabad-43701602-9952-1.html,Added: 2 months ago,Houses_Property,34.223281,73.243533,6,Khyber Pakhtunkhwa,The Green Properties & Builders,Buy
Abbottabad,"Main Mansehra Road, Abbottabad",18000000,0,0,1800,Beautiful House For Sale In Kala Pul Abbottabad,,Added: 2 months ago,Houses_Property,34.223281,73.243533,6,Khyber Pakhtunkhwa,The Green Properties & Builders,Buy
Abbottabad,"Habibullah Colony, Abbottabad",27000000,5,5,1350,Fully Furnished South Open House For Sale,https://www.zameen.com/Property/abbottabad_habibullah_colony_fully_furnished_south_open_house_for_sale-44138952-761-1.html,Added: 2 months ago,Houses_Property,34.189121,73.245506,7,Khyber Pakhtunkhwa,The Green Properties & Builders,Buy
Abbottabad,"Habibullah Colony, Abbottabad",32000000,5,5,1395,6.15 Marla House For Sale In Habibullah Colony Abbottabad,https://www.zameen.com/Property/abbottabad_habibullah_colony_6_15_marla_house_for_sale_in_habibullah_colony_abbottabad-44348157-761-1.html,Added: 2 months ago,Houses_Property,34.189121,73.245506,9,Khyber Pakhtunkhwa,The Green Properties & Builders,Buy
Abbottabad,"Habibullah Colony, Abbottabad",32000000,5,5,1395,6.15 Marla House For Sale In Habibullah Colony Abbottabad,,Added: 2 months ago,Houses_Property,34.189121,73.245506,9,Khyber Pakhtunkhwa,The Green Properties & Builders,Buy
Abbottabad,"Habibullah Colony, Abbottabad",30000000,6,6,1350,6 Marla House Available For Sale in Habibullah Colony,https://www.zameen.com/Property/abbottabad_habibullah_colony_6_marla_house_available_for_sale_in_habibullah_colony-45074041-761-1.html,Added: 2 months ago,Houses_Property,34.189121,73.245506,7,Khyber Pakhtunkhwa,The Green Properties & Builders,Buy
Abbottabad,"Habibullah Colony, Abbottabad",29000000,0,0,2250,"10 Marla Double Unit House for Sale at Aziz Bhatti Road, Habibullah Colony",https://www.zameen.com/Property/abbottabad_habibullah_colony_10_marla_double_unit_house_for_sale_at_aziz_bhatti_road_habibullah_colony-45145785-761-1.html,Added: 2 months ago,Houses_Property,34.189121,73.245506,9,Khyber Pakhtunkhwa,The Green Properties & Builders,Buy
Abbottabad,"Hassan Town, Abbottabad",17000000,6,6,1575,Double Storey House For sale in Hassan Town Abbottabad,https://www.zameen.com/Property/abbottabad_hassan_town_double_storey_house_for_sale_in_hassan_town_abbottabad-45780656-12525-1.html,Added: 2 months ago,Houses_Property,34.172755,73.230558,6,Khyber Pakhtunkhwa,Aitemad Property Dealers,Buy
Abbottabad,"Hassan Town, Abbottabad",17000000,6,6,1575,Double Storey House For sale in Hassan Town Abbottabad,,Added: 2 months ago,Houses_Property,34.172755,73.230558,6,Khyber Pakhtunkhwa,Aitemad Property Dealers,Buy
Abbottabad,"Supply, Abbottabad",19000000,6,6,1575,Double Storey House For Sale Near Peace College Girls Bandhan Shadi Hall Street,https://www.zameen.com/Property/abbottabad_supply_double_storey_house_for_sale_near_peace_college_girls_bandhan_shadi_hall_street-45783829-1099-1.html,Added: 2 months ago,Houses_Property,34.179427,73.229268,12,Khyber Pakhtunkhwa,Aitemad Property Dealers,Buy
Abbottabad,"Javaid Shahid Road, Abbottabad",36500000,4,6,2835,White House For Sale,https://www.zameen.com/Property/abbottabad_javaid_shahid_road_white_house_for_sale-45175670-16240-1.html,Added: 2 months ago,Houses_Property,34.195134,73.23865,18,Khyber Pakhtunkhwa,Khan Property Advisor,Buy
Abbottabad,"Jinnahabad, Abbottabad",28000000,6,6,1575,Brandnew house for sale,https://www.zameen.com/Property/abbottabad_jinnahabad_brandnew_house_for_sale-46473656-746-1.html,Added: 2 months ago,Houses_Property,34.193772,73.239191,30,Khyber Pakhtunkhwa,Khan Property Advisor,Buy
Abbottabad,"Jinnahabad, Abbottabad",28000000,6,6,1575,Brandnew house for sale,,Added: 2 months ago,Houses_Property,34.193772,73.239191,30,Khyber Pakhtunkhwa,Khan Property Advisor,Buy
Abbottabad,"Kaghan Colony, Abbottabad",31000000,8,6,2250,Triple Story House is Available for sale in Kaghan Colony,https://www.zameen.com/Property/abbottabad_kaghan_colony_triple_story_house_is_available_for_sale_in_kaghan_colony-47480746-1096-1.html,Added: 2 weeks ago,Houses_Property,34.191615,73.228793,10,Khyber Pakhtunkhwa,New Insaf Estate Linkers,Buy
Abbottabad,"Kaghan Colony, Abbottabad",31000000,8,6,2250,Triple Story House is Available for sale in Kaghan Colony,,Added: 2 weeks ago,Houses_Property,34.191615,73.228793,10,Khyber Pakhtunkhwa,New Insaf Estate Linkers,Buy
Abbottabad,"Kaghan Colony, Abbottabad",31000000,8,6,2250,Triple Story House is Available for sale in Kaghan Colony,,Added: 2 weeks ago,Houses_Property,34.191615,73.228793,10,Khyber Pakhtunkhwa,New Insaf Estate Linkers,Buy
Abbottabad,"Kaghan Colony, Abbottabad",50000000,0,0,4500,Ideally Located House Of 1 Kanal Is Available For sale In Kaghan Colony,https://www.zameen.com/Property/abbottabad_kaghan_colony_ideally_located_house_of_1_kanal_is_available_for_sale_in_kaghan_colony-42154155-1096-1.html,Added: 3 weeks ago,Houses_Property,34.191615,73.228793,5,Khyber Pakhtunkhwa,A & R Property Advisor,Buy
Abbottabad,"Kaghan Colony, Abbottabad",50000000,0,0,4500,Ideally Located House Of 1 Kanal Is Available For sale In Kaghan Colony,,Added: 3 weeks ago,Houses_Property,34.191615,73.228793,5,Khyber Pakhtunkhwa,A & R Property Advisor,Buy
Abbottabad,"Khaira Gali, Abbottabad",180000000,11,0,5400,24 Marla Double Unit 12+12 Marla Triple Storey Resort Full Furnished Available For Sale,https://www.zameen.com/Property/abbottabad_khaira_gali_24_marla_double_unit_12_12_marla_triple_storey_resort_full_furnished_available_for_sale-46997391-14035-1.html,Added: 3 weeks ago,Houses_Property,33.982407,73.399653,17,Khyber Pakhtunkhwa,3M Properties,Buy
Abbottabad,"Bilal Town, Abbottabad",15000000,6,6,1125,Bilal Town 5 Marla House For Sale,https://www.zameen.com/Property/abbottabad_bilal_town_bilal_town_5_marla_house_for_sale-44539782-754-1.html,Added: 1 week ago,Houses_Property,34.17169,73.238069,1,Khyber Pakhtunkhwa,Talaash Property  Builders,Buy
Abbottabad,"Bilal Town, Abbottabad",15000000,6,6,1125,Bilal Town 5 Marla House For Sale,,Added: 1 week ago,Houses_Property,34.17169,73.238069,1,Khyber Pakhtunkhwa,Talaash Property  Builders,Buy
Abbottabad,"Habibullah Colony, Abbottabad",93500000,8,6,4500,4500 Square Feet House For Sale In Habibullah Colony,https://www.zameen.com/Property/abbottabad_habibullah_colony_4500_square_feet_house_for_sale_in_habibullah_colony-45845959-761-1.html,Added: 1 week ago,Houses_Property,34.189121,73.245506,4,Khyber Pakhtunkhwa,Talaash Property  Builders,Buy
Abbottabad,"Habibullah Colony, Abbottabad",93500000,8,6,4500,4500 Square Feet House For Sale In Habibullah Colony,,Added: 1 week ago,Houses_Property,34.189121,73.245506,4,Khyber Pakhtunkhwa,Talaash Property  Builders,Buy
Abbottabad,"Usmanabad, Abbottabad",15000000,4,4,1125,A Good Option For Sale Is The House Available In Usmanabad In Usmanabad,https://www.zameen.com/Property/abbottabad_usmanabad_a_good_option_for_sale_is_the_house_available_in_usmanabad_in_usmanabad-40666002-8514-1.html,Added: 3 weeks ago,Houses_Property,34.208661,73.226298,4,Khyber Pakhtunkhwa,A & R Property Advisor,Buy
Abbottabad,"Mandian, Abbottabad",30000000,0,0,1125,Double Storey House For Sale At College Road Mandian Abbottabad,https://www.zameen.com/Property/abbottabad_mandian_double_storey_house_for_sale_at_college_road_mandian_abbottabad-46813153-578-1.html,Added: 3 weeks ago,Houses_Property,34.196314,73.236102,3,Khyber Pakhtunkhwa,A & R Property Advisor,Buy
Abbottabad,"Mandian, Abbottabad",30000000,0,0,1125,Double Storey House For Sale At College Road Mandian Abbottabad,,Added: 3 weeks ago,Houses_Property,34.196314,73.236102,3,Khyber Pakhtunkhwa,A & R Property Advisor,Buy
Abbottabad,"Habibullah Colony, Abbottabad",35000000,0,0,1800,Double Storey House For Sale At Habibullah Colony Abbottabad,https://www.zameen.com/Property/abbottabad_habibullah_colony_double_storey_house_for_sale_at_habibullah_colony_abbottabad-46813164-761-1.html,Added: 3 weeks ago,Houses_Property,34.189121,73.245506,4,Khyber Pakhtunkhwa,A & R Property Advisor,Buy
Abbottabad,"Jinnahabad, Abbottabad",29500000,4,4,2250,House Available For Sale In Jinnahabad,https://www.zameen.com/Property/abbottabad_jinnahabad_house_available_for_sale_in_jinnahabad-47456623-746-1.html,Added: 3 weeks ago,Houses_Property,34.193772,73.239191,3,Khyber Pakhtunkhwa,Fahad Real Estate,Buy
Abbottabad,"Jinnahabad, Abbottabad",29500000,4,4,2250,House Available For Sale In Jinnahabad,,Added: 3 weeks ago,Houses_Property,34.193772,73.239191,3,Khyber Pakhtunkhwa,Fahad Real Estate,Buy
Abbottabad,"Jinnahabad, Abbottabad",90000000,7,6,6750,Double Story House For Sale In Jinnahabad,https://www.zameen.com/Property/abbottabad_jinnahabad_double_story_house_for_sale_in_jinnahabad-47432277-746-1.html,Added: 3 weeks ago,Houses_Property,34.193772,73.239191,1,Khyber Pakhtunkhwa,Qureshi Real Estate,Buy
Abbottabad,"Habibullah Colony, Abbottabad",67500000,6,6,6750,30 Marla Banglow For Sale at Aziz Bhatti Road Habibullah Colony,https://www.zameen.com/Property/abbottabad_habibullah_colony_30_marla_banglow_for_sale_at_aziz_bhatti_road_habibullah_colony-47431888-761-1.html,Added: 3 weeks ago,Houses_Property,34.189121,73.245506,1,Khyber Pakhtunkhwa,Qureshi Real Estate,Buy
Abbottabad,"Gohar Ayub Town, Abbottabad",12500000,0,0,1125,5 marla Double Story House for Sale in gohar ayub Town,https://www.zameen.com/Property/abbottabad_gohar_ayub_town_5_marla_double_story_house_for_sale_in_gohar_ayub_town-47362049-8515-1.html,Added: 4 weeks ago,Houses_Property,34.204207,73.224303,3,Khyber Pakhtunkhwa,New Insaf Estate Linkers,Buy
Abbottabad,"Gohar Ayub Town, Abbottabad",12500000,0,0,1125,5 marla Double Story House for Sale in gohar ayub Town,,Added: 4 weeks ago,Houses_Property,34.204207,73.224303,3,Khyber Pakhtunkhwa,New Insaf Estate Linkers,Buy
Abbottabad,"Habibullah Colony, Abbottabad",35000000,6,6,1800,Double Story House For Sale in Habibullah Colony,https://www.zameen.com/Property/abbottabad_habibullah_colony_double_story_house_for_sale_in_habibullah_colony-47138938-761-1.html,Added: 4 weeks ago,Houses_Property,34.189121,73.245506,3,Khyber Pakhtunkhwa,Fahad Real Estate,Buy
Abbottabad,"Small Industry Road, Abbottabad",25000000,6,6,2250,Double Story House For Sale in Small Industry Road Abbottabad,https://www.zameen.com/Property/abbottabad_small_industry_road_double_story_house_for_sale_in_small_industry_road_abbottabad-47139127-13455-1.html,Added: 4 weeks ago,Houses_Property,34.20076,73.234128,3,Khyber Pakhtunkhwa,Fahad Real Estate,Buy
Abbottabad,"Police Officers Colony, Abbottabad",25000000,6,6,1350,Double Storey House For Sale In Police Officer Colony Abbottabad,https://www.zameen.com/Property/abbottabad_police_officers_colony_double_storey_house_for_sale_in_police_officer_colony_abbottabad-47139412-9054-1.html,Added: 4 weeks ago,Houses_Property,34.218525,73.236414,4,Khyber Pakhtunkhwa,Fahad Real Estate,Buy
Abbottabad,"Jhangi Syedan, Abbottabad",14000000,3,3,1800,Single Story House For Sale in Jhangi Syedhan,https://www.zameen.com/Property/abbottabad_jhangi_syedan_single_story_house_for_sale_in_jhangi_syedhan-47139561-1095-1.html,Added: 4 weeks ago,Houses_Property,34.178577,73.226008,3,Khyber Pakhtunkhwa,Fahad Real Estate,Buy
Abbottabad,"Shimla Hill Road, Abbottabad",22500000,6,6,2250,10 Marla triple story house at shimla Hill Road Abbottabad,https://www.zameen.com/Property/abbottabad_shimla_hill_road_10_marla_triple_story_house_at_shimla_hill_road_abbottabad-47305157-17255-1.html,Added: 4 weeks ago,Houses_Property,34.1743775,73.2055468,4,Khyber Pakhtunkhwa,Ehsan Traders Property Dealer,Buy
Abbottabad,"Shimla Hill Road, Abbottabad",22500000,6,6,2250,10 Marla triple story house at shimla Hill Road Abbottabad,,Added: 4 weeks ago,Houses_Property,34.1743775,73.2055468,4,Khyber Pakhtunkhwa,Ehsan Traders Property Dealer,Buy
Abbottabad,"Shahzaman Colony, Abbottabad",17000000,4,4,1125,Double Storey House For Sale In Shah Zaman Colony Abbottabad,https://www.zameen.com/Property/abbottabad_shahzaman_colony_double_storey_house_for_sale_in_shah_zaman_colony_abbottabad-47020349-1100-1.html,Added: 1 month ago,Houses_Property,34.169364,73.232371,4,Khyber Pakhtunkhwa,Super Land Advisor,Buy
Abbottabad,"Iqbal Road, Abbottabad",22500000,5,5,1125,Double Storey New House For Sale in Street No 5 Iqbal Road Abbottabad,https://www.zameen.com/Property/abbottabad_iqbal_road_double_storey_new_house_for_sale_in_street_no_5_iqbal_road_abbottabad-47135754-20216-1.html,Added: 1 month ago,Houses_Property,34.173006,73.223747,2,Khyber Pakhtunkhwa,Super Land Advisor,Buy
Abbottabad,"Iqbal Road, Abbottabad",22500000,5,5,1125,Double Storey New House For Sale in Street No 5 Iqbal Road Abbottabad,,Added: 1 month ago,Houses_Property,34.173006,73.223747,2,Khyber Pakhtunkhwa,Super Land Advisor,Buy
Abbottabad,"Maira Muzzafar, Abbottabad",19000000,6,6,2475,11 Marla Single Storey Houses Is Available,https://www.zameen.com/Property/abbottabad_maira_muzzafar_11_marla_single_storey_houses_is_available-43560796-15869-1.html,Added: 1 month ago,Houses_Property,34.223189,73.231256,4,Khyber Pakhtunkhwa,Talaash Property  Builders,Buy
Abbottabad,"Abbottabad Road, Abbottabad",8500000,0,0,1125,5 Marla house single story near Ayesha masjid for sale,https://www.zameen.com/Property/abbottabad_abbottabad_road_5_marla_house_single_story_near_ayesha_masjid_for_sale-47107596-17376-1.html,Added: 1 month ago,Houses_Property,34.017098,73.385059,4,Khyber Pakhtunkhwa,Ehsan Traders Property Dealer,Buy
Abbottabad,"Jinnahabad, Abbottabad",55000000,4,4,4500,Old House At Plot Price For Sale In Jinnahabad,https://www.zameen.com/Property/abbottabad_jinnahabad_old_house_at_plot_price_for_sale_in_jinnahabad-45211271-746-1.html,Added: 1 month ago,Houses_Property,34.193772,73.239191,1,Khyber Pakhtunkhwa,Property Consultant Abbottabad,Buy
Abbottabad,"Jinnahabad, Abbottabad",55000000,4,4,4500,Old House At Plot Price For Sale In Jinnahabad,,Added: 1 month ago,Houses_Property,34.193772,73.239191,1,Khyber Pakhtunkhwa,Property Consultant Abbottabad,Buy
Abbottabad,"Bilal Town, Abbottabad",8600000,0,0,1125,5 Marla House For Sale In Hashmi Colony Abbottabad,https://www.zameen.com/Property/abbottabad_bilal_town_5_marla_house_for_sale_in_hashmi_colony_abbottabad-47031448-754-1.html,Added: 2 months ago,Houses_Property,34.17169,73.238069,3,Khyber Pakhtunkhwa,Ehsan Traders Property Dealer,Buy
Abbottabad,"Jhangi Syedan, Abbottabad",17500000,5,5,3375,15 Marla Single Storey House For Sale At Jhangi Syedan Abbottabad,https://www.zameen.com/Property/abbottabad_jhangi_syedan_15_marla_single_storey_house_for_sale_at_jhangi_syedan_abbottabad-47011674-1095-1.html,Added: 2 months ago,Houses_Property,34.178577,73.226008,4,Khyber Pakhtunkhwa,Blue Sky Builders & Property Linkers,Buy
Abbottabad,"Kaghan Colony, Abbottabad",16000000,3,4,1125,"Own house for sale ,5 marla",https://www.zameen.com/Property/abbottabad_kaghan_colony_own_house_for_sale_5_marla-47579026-1096-1.html,Added: 1 week ago,Houses_Property,34.191615,73.228793,1,Khyber Pakhtunkhwa,5G Properties Real Estate Consultants & Builders,Buy
Abbottabad,"Kaghan Colony, Abbottabad",16000000,3,4,1125,"Own house for sale ,5 marla",,Added: 1 week ago,Houses_Property,34.191615,73.228793,1,Khyber Pakhtunkhwa,5G Properties Real Estate Consultants & Builders,Buy
Abbottabad,"Small Industry Road, Abbottabad",18000000,4,2,1350,"A House Of 6 Marla In Rs. 18,000,000",https://www.zameen.com/Property/abbottabad_small_industry_road_a_house_of_6_marla_in_rs_18_000_000-43196173-13455-1.html,Added: 4 weeks ago,Houses_Property,34.20076,73.234128,3,Khyber Pakhtunkhwa,Fahad Real Estate,Buy
Abbottabad,"Small Industry Road, Abbottabad",18000000,4,2,1350,"A House Of 6 Marla In Rs. 18,000,000",,Added: 4 weeks ago,Houses_Property,34.20076,73.234128,3,Khyber Pakhtunkhwa,Fahad Real Estate,Buy
Abbottabad,"Small Industry Road, Abbottabad",18000000,4,2,1350,"A House Of 6 Marla In Rs. 18,000,000",,Added: 4 weeks ago,Houses_Property,34.20076,73.234128,3,Khyber Pakhtunkhwa,Fahad Real Estate,Buy
Abbottabad,"Officers Colony, Abbottabad",11000000,6,6,1125,Fresh House For Sale,https://www.zameen.com/Property/abbottabad_officers_colony_fresh_house_for_sale-43518911-1298-1.html,Added: 1 month ago,Houses_Property,34.209903,73.235511,1,Khyber Pakhtunkhwa,Muhammadi Property Dealer,Buy
Abbottabad,"Officers Colony, Abbottabad",11000000,6,6,1125,Fresh House For Sale,,Added: 1 month ago,Houses_Property,34.209903,73.235511,1,Khyber Pakhtunkhwa,Muhammadi Property Dealer,Buy
Abbottabad,"Kakul Road, Abbottabad",35000000,6,6,2475,11 Marla Double Storey House At Main Kakul Road Abbottabad,https://www.zameen.com/Property/abbottabad_kakul_road_11_marla_double_storey_house_at_main_kakul_road_abbottabad-44152128-753-1.html,Added: 1 month ago,Houses_Property,34.167748,73.228422,1,Khyber Pakhtunkhwa,Property Consultant Abbottabad,Buy
Abbottabad,"Main Mansehra Road, Abbottabad",140000000,6,6,9000,Exquisite City-Center 2 Kanal Home for Sale,https://www.zameen.com/Property/abbottabad_main_mansehra_road_exquisite_city-center_2_kanal_home_for_sale-47540256-9952-1.html,Added: 2 weeks ago,Houses_Property,34.223281,73.243533,4,Khyber Pakhtunkhwa,,Buy
Abbottabad,"Main Mansehra Road, Abbottabad",140000000,6,6,9000,Exquisite City-Center 2 Kanal Home for Sale,,Added: 2 weeks ago,Houses_Property,34.223281,73.243533,4,Khyber Pakhtunkhwa,,Buy
Abbottabad,"Jinnahabad, Abbottabad",35000000,5,5,1350,6 Marla Double Story House For Sale Opposite Jinnahabad,https://www.zameen.com/Property/abbottabad_jinnahabad_6_marla_double_story_house_for_sale_opposite_jinnahabad-46738690-746-1.html,Added: 2 weeks ago,Houses_Property,34.193772,73.239191,0,Khyber Pakhtunkhwa,Property Consultant Abbottabad,Buy
Abbottabad,"Jinnahabad, Abbottabad",35000000,5,5,1350,6 Marla Double Story House For Sale Opposite Jinnahabad,,Added: 2 weeks ago,Houses_Property,34.193772,73.239191,0,Khyber Pakhtunkhwa,Property Consultant Abbottabad,Buy
Abbottabad,"Officers Colony, Abbottabad",11000000,3,3,1125,5 Marla Single Storey New House For Sale In Officer Colony,https://www.zameen.com/Property/abbottabad_officers_colony_5_marla_single_storey_new_house_for_sale_in_officer_colony-47483527-1298-1.html,Added: 2 weeks ago,Houses_Property,34.209903,73.235511,5,Khyber Pakhtunkhwa,New Insaf Estate Linkers,Buy
Abbottabad,"Gulfam Town Society, Abbottabad",8500000,3,3,1125,Double Storey House For Sale In Gulfarm Town Abbottabad,https://www.zameen.com/Property/abbottabad_gulfam_town_society_double_storey_house_for_sale_in_gulfarm_town_abbottabad-47431957-13530-1.html,Added: 3 weeks ago,Houses_Property,34.219839,73.248268,4,Khyber Pakhtunkhwa,Qureshi Real Estate,Buy
Abbottabad,"Gulfam Town Society, Abbottabad",8500000,3,3,1125,Double Storey House For Sale In Gulfarm Town Abbottabad,,Added: 3 weeks ago,Houses_Property,34.219839,73.248268,4,Khyber Pakhtunkhwa,Qureshi Real Estate,Buy
Abbottabad,"Habibullah Colony, Abbottabad",72500000,0,0,6750,Double Storey Banglow Available For Sale At Aziz Bhatti Road Habibullah Colony,https://www.zameen.com/Property/abbottabad_habibullah_colony_double_storey_banglow_available_for_sale_at_aziz_bhatti_road_habibullah_colony-46778439-761-1.html,Added: 4 weeks ago,Houses_Property,34.189121,73.245506,0,Khyber Pakhtunkhwa,Margla Estate Advisor & Town Developer,Buy
Abbottabad,"Habibullah Colony, Abbottabad",30000000,4,4,1125,Double Storey House For Sale In Habibullah Colony Abbottabad,https://www.zameen.com/Property/abbottabad_habibullah_colony_double_storey_house_for_sale_in_habibullah_colony_abbottabad-47139494-761-1.html,Added: 4 weeks ago,Houses_Property,34.189121,73.245506,0,Khyber Pakhtunkhwa,Fahad Real Estate,Buy
Abbottabad,"Habibullah Colony, Abbottabad",30000000,4,4,1125,Double Storey House For Sale In Habibullah Colony Abbottabad,,Added: 4 weeks ago,Houses_Property,34.189121,73.245506,0,Khyber Pakhtunkhwa,Fahad Real Estate,Buy
Abbottabad,"Phul Ghulab Road, Abbottabad",24000000,6,6,1350,Double Storey House For Sale In Phul Gulab Road Abbottabad,https://www.zameen.com/Property/abbottabad_phul_ghulab_road_double_storey_house_for_sale_in_phul_gulab_road_abbottabad-47139322-15946-1.html,Added: 4 weeks ago,Houses_Property,34.204066,73.245621,0,Khyber Pakhtunkhwa,Fahad Real Estate,Buy
Abbottabad,"Mirpur Maira, Abbottabad",12500000,0,0,1125,5 Marla Beautiful House For Sale at Mara Mirpur Near Habibullah Colony,https://www.zameen.com/Property/abbottabad_mirpur_maira_5_marla_beautiful_house_for_sale_at_mara_mirpur_near_habibullah_colony-46955338-12430-1.html,Added: 1 month ago,Houses_Property,34.1997,73.2517,0,Khyber Pakhtunkhwa,Super Land Advisor,Buy
Abbottabad,"Nathia Gali, Abbottabad",150000000,6,6,4500,1 KANAL HOUSE ON MAIN ROAD IS AVAILABLE FOR SALE,https://www.zameen.com/Property/abbottabad_nathia_gali_1_kanal_house_on_main_road_is_available_for_sale-47158261-1248-1.html,Added: 1 month ago,Houses_Property,34.073031,73.38118,0,Khyber Pakhtunkhwa,Waheed Estate,Buy
Abbottabad,"Nathia Gali, Abbottabad",150000000,6,6,4500,1 KANAL HOUSE ON MAIN ROAD IS AVAILABLE FOR SALE,,Added: 1 month ago,Houses_Property,34.073031,73.38118,0,Khyber Pakhtunkhwa,Waheed Estate,Buy
Abbottabad,"Habibullah Colony, Abbottabad",40000000,4,4,2475,11 Marla House Habibullah Colony Abbottabad,https://www.zameen.com/Property/abbottabad_habibullah_colony_11_marla_house_habibullah_colony_abbottabad-41259169-761-1.html,Added: 2 months ago,Houses_Property,34.189121,73.245506,0,Khyber Pakhtunkhwa,The Green Properties & Builders,Buy
Abbottabad,"Habibullah Colony, Abbottabad",45000000,6,6,4500,Old Double Story Corner House For Sale in Habibullah Colony,https://www.zameen.com/Property/abbottabad_habibullah_colony_old_double_story_corner_house_for_sale_in_habibullah_colony-46937411-761-1.html,Added: 2 months ago,Houses_Property,34.189121,73.245506,0,Khyber Pakhtunkhwa,Blue Sky Builders & Property Linkers,Buy
Abbottabad,"Others, Abbottabad",55000000,0,0,1800,8 Marla Triple Story House For Sale in Galeyat koza Gali,https://www.zameen.com/Property/abbottabad_others_8_marla_triple_story_house_for_sale_in_galeyat_koza_gali-45981994-386-1.html,Added: 3 weeks ago,Houses_Property,34.1688,73.2215,0,Khyber Pakhtunkhwa,Muhammadi Property Dealer,Buy
Abbottabad,"Bilal Town, Abbottabad",14000000,3,4,1125,Get In Touch Now To Buy A House In Bilal Town,https://www.zameen.com/Property/abbottabad_bilal_town_get_in_touch_now_to_buy_a_house_in_bilal_town-43196167-754-1.html,Added: 4 weeks ago,Houses_Property,34.17169,73.238069,0,Khyber Pakhtunkhwa,Fahad Real Estate,Buy
Abbottabad,"PMA Road, Abbottabad",6500000,3,2,1125,5 Marla House For Sale Pma Road Behind Army College,https://www.zameen.com/Property/abbottabad_pma_road_5_marla_house_for_sale_pma_road_behind_army_college-46357884-577-1.html,Added: 4 weeks ago,Houses_Property,34.182616,73.252394,0,Khyber Pakhtunkhwa,Imax For All Adam,Buy
Abbottabad,"PMA Road, Abbottabad",6500000,3,2,1125,5 Marla House For Sale Pma Road Behind Army College,,Added: 4 weeks ago,Houses_Property,34.182616,73.252394,0,Khyber Pakhtunkhwa,Imax For All Adam,Buy
Abbottabad,"Bilal Town, Abbottabad",16000000,3,3,1462,1463 Square Feet House In Stunning Bilal Town Is Available For Sale,https://www.zameen.com/Property/abbottabad_bilal_town_1463_square_feet_house_in_stunning_bilal_town_is_available_for_sale-46353567-754-1.html,Added: 4 weeks ago,Houses_Property,34.17169,73.238069,0,Khyber Pakhtunkhwa,Imax For All Adam,Buy
Abbottabad,"Bilal Town, Abbottabad",9200000,3,3,1125,Single Story House For Sale in Hashmi Colony Abbottabad,https://www.zameen.com/Property/abbottabad_bilal_town_single_story_house_for_sale_in_hashmi_colony_abbottabad-47031342-754-1.html,Added: 2 months ago,Houses_Property,34.17169,73.238069,0,Khyber Pakhtunkhwa,Ehsan Traders Property Dealer,Buy
Abbottabad,"Bilal Town, Abbottabad",9200000,3,3,1125,Single Story House For Sale in Hashmi Colony Abbottabad,,Added: 2 months ago,Houses_Property,34.17169,73.238069,0,Khyber Pakhtunkhwa,Ehsan Traders Property Dealer,Buy
Abbottabad,"Bilal Town, Abbottabad",9200000,3,3,1125,Single Story House For Sale in Hashmi Colony Abbottabad,,Added: 2 months ago,Houses_Property,34.17169,73.238069,0,Khyber Pakhtunkhwa,Ehsan Traders Property Dealer,Buy
Abbottabad,"Bilal Town, Abbottabad",9200000,3,3,1125,Single Story House For Sale in Hashmi Colony Abbottabad,,Added: 2 months ago,Houses_Property,34.17169,73.238069,0,Khyber Pakhtunkhwa,Ehsan Traders Property Dealer,Buy
Abbottabad,"Bilal Town, Abbottabad",9200000,3,3,1125,Single Story House For Sale in Hashmi Colony Abbottabad,,Added: 2 months ago,Houses_Property,34.17169,73.238069,0,Khyber Pakhtunkhwa,Ehsan Traders Property Dealer,Buy
Abbottabad,"Bilal Town, Abbottabad",9200000,3,3,1125,Single Story House For Sale in Hashmi Colony Abbottabad,,Added: 2 months ago,Houses_Property,34.17169,73.238069,0,Khyber Pakhtunkhwa,Ehsan Traders Property Dealer,Buy
Abbottabad,"Bilal Town, Abbottabad",9200000,3,3,1125,Single Story House For Sale in Hashmi Colony Abbottabad,,Added: 2 months ago,Houses_Property,34.17169,73.238069,0,Khyber Pakhtunkhwa,Ehsan Traders Property Dealer,Buy
