city,location,price,bedrooms,baths,size,title,page_url,date_added,property_type,latitude,longitude,number_of_photos,province,agency,purpose
Attock,"Peoples Colony, Attock",18000000,4,2,225,1 kanal kothi People Colony,https://www.zameen.com/Property/attock_peoples_colony_1_kanal_kothi_people_colony-47697036-1263-1.html,Added: 4 hours ago,Houses_Property,33.79100863989679,72.35471753017256,11,Punjab,,Buy
Attock,"Peoples Colony, Attock",18000000,4,2,225,1 kanal kothi People Colony,,Added: 4 hours ago,Houses_Property,33.79100863989679,72.35471753017256,11,Punjab,,Buy
Attock,"Peoples Colony, Attock",18000000,4,2,225,1 kanal kothi People Colony,,Added: 4 hours ago,Houses_Property,33.79100863989679,72.35471753017256,11,Punjab,,Buy
Attock,"Darul Islam Colony, Attock",40000000,7,5,4500,One Kanal House In Darussalam Colony Attock City,https://www.zameen.com/Property/attock_darul_islam_colony_one_kanal_house_in_darussalam_colony_attock_city-47431130-4600-1.html,Added: 3 weeks ago,Houses_Property,33.7841,72.3629,22,Punjab,,Buy
Attock,"Darul Islam Colony, Attock",40000000,7,5,4500,One Kanal House In Darussalam Colony Attock City,,Added: 3 weeks ago,Houses_Property,33.7841,72.3629,22,Punjab,,Buy
Attock,"Jand, Attock",15000000,0,0,45000,10 Kanal Farm House For Sale,https://www.zameen.com/Property/attock_jand_10_kanal_farm_house_for_sale-45685023-18362-1.html,Added: 3 months ago,Farm_Houses,33.433929,72.021022,10,Punjab,Signature Residence,Buy
Attock,"Jand, Attock",15000000,0,0,45000,10 Kanal Farm House For Sale,,Added: 3 months ago,Farm_Houses,33.433929,72.021022,10,Punjab,Signature Residence,Buy
Attock,"Kamra Road, Attock",5500000,2,3,900,Brand New 4 Marla Single Story Fully Furnished House Is Available For Sale In Madni Colony Located At The Back Side Of Aslam Marwat Hospital Attock. . !,https://www.zameen.com/Property/attock_kamra_road_brand_new_4_marla_single_story_fully_furnished_house_is_available_for_sale_in_madni_colony_located_at_the_back_side_of_aslam_marwat_hospital_attock_-44066618-4604-1.html,Added: 8 months ago,Houses_Property,33.77162,72.361443,8,Punjab,Himalay Construction Pvt. Ltd,Buy
Attock,"Kamra Road, Attock",5500000,2,3,900,Brand New 4 Marla Single Story Fully Furnished House Is Available For Sale In Madni Colony Located At The Back Side Of Aslam Marwat Hospital Attock. . !,,Added: 8 months ago,Houses_Property,33.77162,72.361443,8,Punjab,Himalay Construction Pvt. Ltd,Buy
Attock,"Mehria Town - Phase 3, Mehria Town",17000000,6,6,1575,House For Sale In Mehria Town Attock,https://www.zameen.com/Property/mehria_town_mehria_town_phase_3_house_for_sale_in_mehria_town_attock-32093926-11415-1.html,Added: 26 months ago,Houses_Property,33.805316,72.354047,7,Punjab,Property House Real Estate & Builders,Buy
Attock,"Mehria Town - Phase 3, Mehria Town",17000000,6,6,1575,House For Sale In Mehria Town Attock,,Added: 26 months ago,Houses_Property,33.805316,72.354047,7,Punjab,Property House Real Estate & Builders,Buy
Attock,"Farooq-e-Azam, Attock",5600000,2,3,968,Beautiful Sawa 4 Marla Single Storey House Up For Sale  In Farooq E Azam Colony Attock.,https://www.zameen.com/Property/attock_farooq_e_azam_beautiful_sawa_4_marla_single_storey_house_up_for_sale__in_farooq_e_azam_colony_attock_-43994374-12096-1.html,Added: 7 months ago,Houses_Property,33.784415,72.359725,1,Punjab,Himalay Construction Pvt. Ltd,Buy
Attock,"Cantt, Attock",30000000,8,5,4050,Double Storey House Is Available For Sale,https://www.zameen.com/Property/attock_cantt_double_storey_house_is_available_for_sale-24267379-12410-1.html,Added: 30 months ago,Houses_Property,33.771606,72.371096,9,Punjab,,Buy
Attock,"Cantt, Attock",30000000,8,5,4050,Double Storey House Is Available For Sale,,Added: 30 months ago,Houses_Property,33.771606,72.371096,9,Punjab,,Buy
Attock,"GT Road, Attock",10000000,7,6,1350,Threee story House For Sale At Kamra Near MaShaAllah General Store,https://www.zameen.com/Property/attock_gt_road_threee_story_house_for_sale_at_kamra_near_mashaallah_general_store-23479172-16209-1.html,Added: 40 months ago,Houses_Property,33.30783,73.261523,20,Punjab,Multiply Associates (Pvt. ) Ltd.,Buy
Attock,"Pindigheb, Attock",5700000,2,2,990,A beautiful house for Sale in Pindigheb Attock,https://www.zameen.com/Property/attock_pindigheb_a_beautiful_house_for_sale_in_pindigheb_attock-46545600-10826-1.html,Added: 2 months ago,Houses_Property,33.244141000000006,72.26643500000003,9,Punjab,I Stone Marketing & Builders,Buy
Attock,"Pindigheb, Attock",5700000,2,2,990,A beautiful house for Sale in Pindigheb Attock,,Added: 2 months ago,Houses_Property,33.244141000000006,72.26643500000003,9,Punjab,I Stone Marketing & Builders,Buy
Attock,"Multi Residencia Orchards Brahma Bahtar, Attock",14000000,3,3,1125,5 Marla Single Unit Villa Is Available For Sale On Easy Installment In Multi Orchard Residencia Attock,https://www.zameen.com/Property/attock_multi_residencia_orchards_brahma_bahtar_5_marla_single_unit_villa_is_available_for_sale_on_easy_installment_in_multi_orchard_residencia_attock-41414250-11682-1.html,Added: 5 months ago,Houses_Property,33.718007,72.712654,10,Punjab,Possessions Real Estate,Buy
Attock,"Madni Colony, Attock",26500000,5,6,2722,Stunning 5-Bedroom Home in Family-Friendly Neighborhood with Modern Amenities !,https://www.zameen.com/Property/attock_madni_colony_stunning_5_bedroom_home_in_family_friendly_neighborhood_with_modern_amenities__-43959787-12097-1.html,Added: 7 months ago,Houses_Property,33.770948,72.379287,19,Punjab,,Buy
Attock,"Multi Residencia Orchards Brahma Bahtar, Attock",8500000,3,3,1260,To Sale You Can Find Spacious House In Multi Residencia Orchards Brahma Bahtar,https://www.zameen.com/Property/attock_multi_residencia_orchards_brahma_bahtar_to_sale_you_can_find_spacious_house_in_multi_residencia_orchards_brahma_bahtar-42373988-11682-1.html,Added: 11 months ago,Houses_Property,33.718007,72.712654,10,Punjab,Awan Associates,Buy
Attock,"Multi Residencia Orchards Brahma Bahtar, Attock",8500000,3,3,1260,To Sale You Can Find Spacious House In Multi Residencia Orchards Brahma Bahtar,,Added: 11 months ago,Houses_Property,33.718007,72.712654,10,Punjab,Awan Associates,Buy
Attock,"Attock Road, Attock",130000000,0,0,117000,Poultry Farm House Available For Sale In Attock.,https://www.zameen.com/Property/attock_attock_road_poultry_farm_house_available_for_sale_in_attock_-41936623-11689-1.html,Added: 11 months ago,Farm_Houses,33.654756,72.210704,9,Punjab,Allied Properties,Buy
Attock,"Mehria Town, Kamra Road",15000000,4,5,1125,Mehria Town 5 Marla House Available For Sale,https://www.zameen.com/Property/kamra_road_mehria_town_mehria_town_5_marla_house_available_for_sale-39793723-11779-1.html,Added: 15 months ago,Houses_Property,33.805457,72.353232,17,Punjab,Property House Real Estate & Builders,Buy
Attock,"Mehria Town, Kamra Road",16500000,4,6,1575,Double Unit House Is Available For Sale,https://www.zameen.com/Property/kamra_road_mehria_town_double_unit_house_is_available_for_sale-26031343-11779-1.html,Added: 24 months ago,Houses_Property,33.805457,72.353232,7,Punjab,Zeeshan Properties,Buy
Attock,"Mehria Town, Kamra Road",16500000,4,5,1575,Single Unit House Is Available For Sale,https://www.zameen.com/Property/kamra_road_mehria_town_single_unit_house_is_available_for_sale-26031344-11779-1.html,Added: 24 months ago,Houses_Property,33.805457,72.353232,6,Punjab,Zeeshan Properties,Buy
Attock,"Multi Residencia Orchards Brahma Bahtar, Attock",5298000,2,2,810,2 Bed Apartment For Sale,https://www.zameen.com/Property/attock_multi_residencia_orchards_brahma_bahtar_2_bed_apartment_for_sale-31638758-11682-1.html,Added: 26 months ago,Flats_Apartments,33.718007,72.712654,7,Punjab,Islamabad Associates (Pvt) Ltd,Buy
Attock,"Multi Residencia Orchards Brahma Bahtar, Attock",5298000,2,2,810,2 Bed Apartment For Sale,,Added: 26 months ago,Flats_Apartments,33.718007,72.712654,7,Punjab,Islamabad Associates (Pvt) Ltd,Buy
Attock,"Multi Residencia Orchards Brahma Bahtar, Attock",2787000,0,0,360,1st Floor Studio Apartment For Sale,https://www.zameen.com/Property/attock_multi_residencia_orchards_brahma_bahtar_1st_floor_studio_apartment_for_sale-31603394-11682-1.html,Added: 27 months ago,Flats_Apartments,33.718007,72.712654,5,Punjab,Islamabad Associates (Pvt) Ltd,Buy
Attock,"Mehria Town, Kamra Road",17000000,3,3,1125,5 Marla Brand New Double Storey House Available For Sale,https://www.zameen.com/Property/kamra_road_mehria_town_5_marla_brand_new_double_storey_house_available_for_sale-47419294-11779-1.html,Added: 3 weeks ago,Houses_Property,33.805457,72.353232,29,Punjab,Savul Marketing Smc-Pvt Ltd.,Buy
Attock,"Mehria Town, Kamra Road",17000000,3,3,1125,5 Marla Brand New Double Storey House Available For Sale,,Added: 3 weeks ago,Houses_Property,33.805457,72.353232,29,Punjab,Savul Marketing Smc-Pvt Ltd.,Buy
Attock,"Mehria Town, Kamra Road",17000000,3,3,1125,5 Marla Brand New House Available For Sale,https://www.zameen.com/Property/kamra_road_mehria_town_5_marla_brand_new_house_available_for_sale-47373845-11779-1.html,Added: 4 weeks ago,Houses_Property,33.805457,72.353232,15,Punjab,Savul Marketing Smc-Pvt Ltd.,Buy
Attock,"Mehria Town, Kamra Road",17000000,4,4,1125,5 Marla Brand New House Available For Sale,https://www.zameen.com/Property/kamra_road_mehria_town_5_marla_brand_new_house_available_for_sale-47326302-11779-1.html,Added: 4 weeks ago,Houses_Property,33.805457,72.353232,30,Punjab,Savul Marketing Smc-Pvt Ltd.,Buy
Attock,"Kamra Road, Attock",22500000,5,5,3825,2 Options Available Read Ad Carefully Beautiful 6 Marla Modern Design House With 11 Marla Dera( 2 Options Available),https://www.zameen.com/Property/attock_kamra_road_2_options_available_read_ad_carefully_beautiful_6_marla_modern_design_house_with_11_marla_dera_2_options_available-46792321-4604-1.html,Added: 2 months ago,Houses_Property,33.77162,72.361443,13,Punjab,,Buy
Attock,"Kamra Road, Attock",22500000,5,5,3825,2 Options Available Read Ad Carefully Beautiful 6 Marla Modern Design House With 11 Marla Dera( 2 Options Available),,Added: 2 months ago,Houses_Property,33.77162,72.361443,13,Punjab,,Buy
Attock,"Jand, Attock",6000000,1,1,22500,Olive Farm House For Sale,https://www.zameen.com/Property/attock_jand_olive_farm_house_for_sale-45461083-18362-1.html,Added: 3 months ago,Farm_Houses,33.433929,72.021022,8,Punjab,Signature Residence,Buy
Attock,"Jand, Attock",13100000,3,3,22500,5 Kanal Farm House With 3 Bed House,https://www.zameen.com/Property/attock_jand_5_kanal_farm_house_with_3_bed_house-45674872-18362-1.html,Added: 3 months ago,Farm_Houses,33.433929,72.021022,13,Punjab,Signature Residence,Buy
Attock,"Farooq-e-Azam, Attock",5600000,2,3,968,A Beautiful Single Story Sawa 4 Marla House In Farooq E Azam Colony Is Up For Sale.,https://www.zameen.com/Property/attock_farooq_e_azam_a_beautiful_single_story_sawa_4_marla_house_in_farooq_e_azam_colony_is_up_for_sale_-44959110-12096-1.html,Added: 6 months ago,Houses_Property,33.784415,72.359725,8,Punjab,Himalay Construction Pvt. Ltd,Buy
Attock,"Farooq-e-Azam, Attock",5600000,2,3,968,A Beautiful Single Story Sawa 4 Marla House In Farooq E Azam Colony Is Up For Sale.,,Added: 6 months ago,Houses_Property,33.784415,72.359725,8,Punjab,Himalay Construction Pvt. Ltd,Buy
Attock,"Farooq-e-Azam, Attock",5600000,2,3,968,A Beautiful Single Story Sawa 4 Marla House In Farooq E Azam Colony Is Up For Sale.,,Added: 6 months ago,Houses_Property,33.784415,72.359725,8,Punjab,Himalay Construction Pvt. Ltd,Buy
Attock,"Farooq-e-Azam, Attock",5600000,2,3,968,A Beautiful Single Story Sawa 4 Marla House In Farooq E Azam Colony Is Up For Sale.,,Added: 6 months ago,Houses_Property,33.784415,72.359725,8,Punjab,Himalay Construction Pvt. Ltd,Buy
Attock,"Farooq-e-Azam, Attock",5600000,2,3,968,A Beautiful Single Story Sawa 4 Marla House In Farooq E Azam Colony Is Up For Sale.,,Added: 6 months ago,Houses_Property,33.784415,72.359725,8,Punjab,Himalay Construction Pvt. Ltd,Buy
Attock,"Farooq-e-Azam, Attock",5600000,2,3,968,A Beautiful Single Story Sawa 4 Marla House In Farooq E Azam Colony Is Up For Sale.,,Added: 6 months ago,Houses_Property,33.784415,72.359725,8,Punjab,Himalay Construction Pvt. Ltd,Buy
Attock,"Farooq-e-Azam, Attock",5600000,2,3,968,A Beautiful Single Story Sawa 4 Marla House In Farooq E Azam Colony Is Up For Sale.,,Added: 6 months ago,Houses_Property,33.784415,72.359725,8,Punjab,Himalay Construction Pvt. Ltd,Buy
Attock,"Farooq-e-Azam, Attock",5600000,2,3,968,A Beautiful Single Story Sawa 4 Marla House In Farooq E Azam Colony Is Up For Sale.,,Added: 6 months ago,Houses_Property,33.784415,72.359725,8,Punjab,Himalay Construction Pvt. Ltd,Buy
Attock,"Farooq-e-Azam, Attock",5600000,2,3,968,A Beautiful Single Story Sawa 4 Marla House In Farooq E Azam Colony Is Up For Sale.,,Added: 6 months ago,Houses_Property,33.784415,72.359725,8,Punjab,Himalay Construction Pvt. Ltd,Buy
Attock,"Farooq-e-Azam, Attock",5600000,2,3,968,A Beautiful Single Story Sawa 4 Marla House In Farooq E Azam Colony Is Up For Sale.,,Added: 6 months ago,Houses_Property,33.784415,72.359725,8,Punjab,Himalay Construction Pvt. Ltd,Buy
Attock,"Farooq-e-Azam, Attock",5600000,2,3,968,A Beautiful Single Story Sawa 4 Marla House In Farooq E Azam Colony Is Up For Sale.,,Added: 6 months ago,Houses_Property,33.784415,72.359725,8,Punjab,Himalay Construction Pvt. Ltd,Buy
