city,location,price,bedrooms,baths,size,title,page_url,date_added,property_type,latitude,longitude,number_of_photos,province,agency,purpose
Dera_Gazi_Khan,"Fareed Abad, Dera Ghazi Khan",750000,3,4,1125,"5 Marla Double Story House For Sale In Fareed Abad Colony , Dera Ghazi Khan",https://www.zameen.com/Property/dera_ghazi_khan_fareed_abad_5_marla_double_story_house_for_sale_in_fareed_abad_colony_dera_ghazi_khan-47547080-1218-1.html,Added: 2 weeks ago,Houses_Property,30.044133,70.641053,0,Punjab,Apni Jaidad Property Advisior,Buy
Dera_Gazi_Khan,"Fareed Abad, Dera Ghazi Khan",750000,3,4,1125,"5 Marla Double Story House For Sale In Fareed Abad Colony , Dera Ghazi Khan",,Added: 2 weeks ago,Houses_Property,30.044133,70.641053,0,Punjab,Apni Jaidad Property Advisior,Buy
Dera_Gazi_Khan,"Fareed Abad, Dera Ghazi Khan",750000,3,4,1125,"5 Marla Double Story House For Sale In Fareed Abad Colony , Dera Ghazi Khan",,Added: 2 weeks ago,Houses_Property,30.044133,70.641053,0,Punjab,Apni Jaidad Property Advisior,Buy
Dera_Gazi_Khan,"Drishak Town, Dera Ghazi Khan",20000000,3,3,1350,1350 Square Feet House Ideally Situated In Drishak Town,https://www.zameen.com/Property/dera_ghazi_khan_drishak_town_1350_square_feet_house_ideally_situated_in_drishak_town-46433632-15666-1.html,Added: 2 weeks ago,Houses_Property,30.05242,70.642856,0,Punjab,Apni Jaidad Property Advisior,Buy
Dera_Gazi_Khan,"Drishak Town, Dera Ghazi Khan",20000000,3,3,1350,1350 Square Feet House Ideally Situated In Drishak Town,,Added: 2 weeks ago,Houses_Property,30.05242,70.642856,0,Punjab,Apni Jaidad Property Advisior,Buy
Dera_Gazi_Khan,"Block 43, Dera Ghazi Khan",20000000,3,4,1350,"6 Marla House Available in Block 43 , Dera Ghazi Khan",https://www.zameen.com/Property/dera_ghazi_khan_block_43_6_marla_house_available_in_block_43_dera_ghazi_khan-46433526-4863-1.html,Added: 3 months ago,Houses_Property,30.066234,70.632856,0,Punjab,Apni Jaidad Property Advisior,Buy
Dera_Gazi_Khan,"Gulshan-e-Ijaz Colony, Multan Road",12000000,0,0,1125,"5 Marla Double Storey House For Sale In Ejaz Town , Dera Ghazi Khan",https://www.zameen.com/Property/multan_road_gulshan-e-ijaz_colony_5_marla_double_storey_house_for_sale_in_ejaz_town_dera_ghazi_khan-45781178-13745-1.html,Added: 4 months ago,Houses_Property,30.047383,70.664861,0,Punjab,Apni Jaidad Property Advisior,Buy
Dera_Gazi_Khan,"Others, Dera Ghazi Khan",17500000,0,0,1170,"5.25 Marla Double Storey House For Sale In H Block , Dera Ghazi Khan",https://www.zameen.com/Property/dera_ghazi_khan_others_5_25_marla_double_storey_house_for_sale_in_h_block_dera_ghazi_khan-45781107-351-1.html,Added: 4 months ago,Houses_Property,30.0325,70.6402,0,Punjab,Apni Jaidad Property Advisior,Buy
Dera_Gazi_Khan,"Others, Dera Ghazi Khan",17500000,0,0,1170,"5.25 Marla Double Storey House For Sale In H Block , Dera Ghazi Khan",,Added: 4 months ago,Houses_Property,30.0325,70.6402,0,Punjab,Apni Jaidad Property Advisior,Buy
Dera_Gazi_Khan,"Others, Dera Ghazi Khan",17500000,0,0,1170,"5.25 Marla Double Storey House For Sale In H Block , Dera Ghazi Khan",,Added: 4 months ago,Houses_Property,30.0325,70.6402,0,Punjab,Apni Jaidad Property Advisior,Buy
Dera_Gazi_Khan,"Others, Dera Ghazi Khan",17500000,0,0,1170,"5.25 Marla Double Storey House For Sale In H Block , Dera Ghazi Khan",,Added: 4 months ago,Houses_Property,30.0325,70.6402,0,Punjab,Apni Jaidad Property Advisior,Buy
Dera_Gazi_Khan,"Others, Dera Ghazi Khan",17500000,0,0,1170,"5.25 Marla Double Storey House For Sale In H Block , Dera Ghazi Khan",,Added: 4 months ago,Houses_Property,30.0325,70.6402,0,Punjab,Apni Jaidad Property Advisior,Buy
Dera_Gazi_Khan,"Others, Dera Ghazi Khan",17500000,0,0,1170,"5.25 Marla Double Storey House For Sale In H Block , Dera Ghazi Khan",,Added: 4 months ago,Houses_Property,30.0325,70.6402,0,Punjab,Apni Jaidad Property Advisior,Buy
Dera_Gazi_Khan,"Others, Dera Ghazi Khan",17500000,0,0,1170,"5.25 Marla Double Storey House For Sale In H Block , Dera Ghazi Khan",,Added: 4 months ago,Houses_Property,30.0325,70.6402,0,Punjab,Apni Jaidad Property Advisior,Buy
Dera_Gazi_Khan,"Others, Dera Ghazi Khan",17500000,0,0,1170,"5.25 Marla Double Storey House For Sale In H Block , Dera Ghazi Khan",,Added: 4 months ago,Houses_Property,30.0325,70.6402,0,Punjab,Apni Jaidad Property Advisior,Buy
Dera_Gazi_Khan,"Others, Dera Ghazi Khan",17500000,0,0,1170,"5.25 Marla Double Storey House For Sale In H Block , Dera Ghazi Khan",,Added: 4 months ago,Houses_Property,30.0325,70.6402,0,Punjab,Apni Jaidad Property Advisior,Buy
Dera_Gazi_Khan,"Others, Dera Ghazi Khan",17500000,0,0,1170,"5.25 Marla Double Storey House For Sale In H Block , Dera Ghazi Khan",,Added: 4 months ago,Houses_Property,30.0325,70.6402,0,Punjab,Apni Jaidad Property Advisior,Buy
Dera_Gazi_Khan,"Others, Dera Ghazi Khan",17500000,0,0,1170,"5.25 Marla Double Storey House For Sale In H Block , Dera Ghazi Khan",,Added: 4 months ago,Houses_Property,30.0325,70.6402,0,Punjab,Apni Jaidad Property Advisior,Buy
Dera_Gazi_Khan,"Others, Dera Ghazi Khan",17500000,0,0,1170,"5.25 Marla Double Storey House For Sale In H Block , Dera Ghazi Khan",,Added: 4 months ago,Houses_Property,30.0325,70.6402,0,Punjab,Apni Jaidad Property Advisior,Buy
