city,location,price,bedrooms,baths,size,title,page_url,date_added,property_type,latitude,longitude,number_of_photos,province,agency,purpose
Jhelum,"Cantt, Jhelum",80000000,8,6,3712,16.5 Marla Most Beautiful Luxurious Villa For Sale In Jhelum Cantt.,https://www.zameen.com/Property/jhelum_cantt_16_5_marla_most_beautiful_luxurious_villa_for_sale_in_jhelum_cantt-47692569-707-1.html,Added: 21 hours ago,Houses_Property,32.921024,73.715158,27,Punjab,Iqra Estate & Builders,Buy
Jhelum,"Cantt, Jhelum",80000000,8,6,3712,16.5 Marla Most Beautiful Luxurious Villa For Sale In Jhelum Cantt.,,Added: 21 hours ago,Houses_Property,32.921024,73.715158,27,Punjab,Iqra Estate & Builders,Buy
Jhelum,"Cantt, Jhelum",80000000,8,6,3712,16.5 Marla Most Beautiful Luxurious Villa For Sale In Jhelum Cantt.,,Added: 21 hours ago,Houses_Property,32.921024,73.715158,27,Punjab,Iqra Estate & Builders,Buy
Jhelum,"Citi Housing Scheme, Jhelum",17500000,5,5,1125,5 Marla Ultra Luxury New Build Modern House Is Available Urgent For Sale In Citi Housing Jhelum.,https://www.zameen.com/Property/jhelum_citi_housing_scheme_5_marla_ultra_luxury_new_build_modern_house_is_available_urgent_for_sale_in_citi_housing_jhelum-47671406-8433-1.html,Added: 21 hours ago,Houses_Property,32.9431404735054,73.7020826339722,17,Punjab,Iqra Estate & Builders,Buy
Jhelum,"Citi Housing Scheme, Jhelum",17500000,5,5,1125,5 Marla Ultra Luxury New Build Modern House Is Available Urgent For Sale In Citi Housing Jhelum.,,Added: 21 hours ago,Houses_Property,32.9431404735054,73.7020826339722,17,Punjab,Iqra Estate & Builders,Buy
Jhelum,"Citi Housing Scheme, Jhelum",25000000,0,0,1575,Own A 7 Marla Home Today: Flexible Installment Plan Available,https://www.zameen.com/Property/jhelum_citi_housing_scheme_own_a_7_marla_home_today_flexible_installment_plan_available-47138257-8433-1.html,Added: 1 day ago,Houses_Property,32.9431404735054,73.7020826339722,17,Punjab,MS Al-Rehman & Co Real Estate & Constructions,Buy
Jhelum,"Citi Housing Scheme, Jhelum",17500000,4,4,1125,5 Marla House On Installment In Citi Housing Jhelum,https://www.zameen.com/Property/jhelum_citi_housing_scheme_5_marla_house_on_installment_in_citi_housing_jhelum-47593578-8433-1.html,Added: 1 day ago,Houses_Property,32.9431404735054,73.7020826339722,36,Punjab,MS Al-Rehman & Co Real Estate & Constructions,Buy
Jhelum,"Citi Housing Scheme, Jhelum",21000000,0,0,1575,A Palatial Residence For sale In Citi Housing Scheme Citi Housing Scheme,https://www.zameen.com/Property/jhelum_citi_housing_scheme_a_palatial_residence_for_sale_in_citi_housing_scheme_citi_housing_scheme-45696915-8433-1.html,Added: 2 days ago,Houses_Property,32.943140473505,73.702082633972,25,Punjab,MS Al-Rehman & Co Real Estate & Constructions,Buy
Jhelum,"Citi Housing Scheme, Jhelum",21000000,0,0,1575,A Palatial Residence For sale In Citi Housing Scheme Citi Housing Scheme,,Added: 2 days ago,Houses_Property,32.943140473505,73.702082633972,25,Punjab,MS Al-Rehman & Co Real Estate & Constructions,Buy
Jhelum,"Citi Housing Scheme, Jhelum",37500000,5,0,2250,10 Marla Luxurious Spanish House My Own,https://www.zameen.com/Property/jhelum_citi_housing_scheme_10_marla_luxurious_spanish_house_my_own-47609678-8433-1.html,Added: 1 week ago,Houses_Property,32.9431404735054,73.7020826339722,5,Punjab,Homes Sphere,Buy
Jhelum,"Citi Housing Scheme, Jhelum",32500000,0,0,2250,Book A House Of 10 Marla In Citi Housing Scheme Citi Housing Scheme,https://www.zameen.com/Property/jhelum_citi_housing_scheme_book_a_house_of_10_marla_in_citi_housing_scheme_citi_housing_scheme-47458449-8433-1.html,Added: 2 weeks ago,Houses_Property,32.9431404735054,73.7020826339722,27,Punjab,Ideal Associates Real Estate & Builders,Buy
Jhelum,"Citi Housing Scheme, Jhelum",32500000,0,0,2250,Book A House Of 10 Marla In Citi Housing Scheme Citi Housing Scheme,,Added: 2 weeks ago,Houses_Property,32.9431404735054,73.7020826339722,27,Punjab,Ideal Associates Real Estate & Builders,Buy
Jhelum,"Citi Housing Scheme, Jhelum",17500000,0,0,1125,Perfect 5 Marla House In Citi Housing Scheme For sale,https://www.zameen.com/Property/jhelum_citi_housing_scheme_perfect_5_marla_house_in_citi_housing_scheme_for_sale-47460397-8433-1.html,Added: 3 weeks ago,Houses_Property,32.9431404735054,73.7020826339722,16,Punjab,Sahad Ahmed,Buy
Jhelum,"Citi Housing Scheme, Jhelum",29000000,0,0,2250,Affordable House For sale In Citi Housing Scheme,https://www.zameen.com/Property/jhelum_citi_housing_scheme_affordable_house_for_sale_in_citi_housing_scheme-47458448-8433-1.html,Added: 3 weeks ago,Houses_Property,32.9431404735054,73.7020826339722,22,Punjab,Ideal Associates Real Estate & Builders,Buy
Jhelum,"Citi Housing Scheme, Jhelum",29000000,0,0,2250,Affordable House For sale In Citi Housing Scheme,,Added: 3 weeks ago,Houses_Property,32.9431404735054,73.7020826339722,22,Punjab,Ideal Associates Real Estate & Builders,Buy
Jhelum,"Citi Housing Scheme, Jhelum",24500000,5,6,1575,7 Marla New Wide House For Sale In Citi Housing Jhelum,https://www.zameen.com/Property/jhelum_citi_housing_scheme_7_marla_new_wide_house_for_sale_in_citi_housing_jhelum-46054203-8433-1.html,Added: 3 weeks ago,Houses_Property,32.9431404735054,73.7020826339722,19,Punjab,Property Forecast,Buy
Jhelum,"Citi Housing Scheme, Jhelum",55000000,6,6,4500,1 kanal house available for sale in citi housing jhelum,https://www.zameen.com/Property/jhelum_citi_housing_scheme_1_kanal_house_available_for_sale_in_citi_housing_jhelum-45638466-8433-1.html,Added: 1 week ago,Houses_Property,32.943140473505,73.702082633972,17,Punjab,Mian Real Estate Builders & Developers,Buy
Jhelum,"Citi Housing Scheme, Jhelum",55000000,6,6,4500,1 kanal house available for sale in citi housing jhelum,,Added: 1 week ago,Houses_Property,32.943140473505,73.702082633972,17,Punjab,Mian Real Estate Builders & Developers,Buy
Jhelum,"Citi Housing Scheme, Jhelum",21000000,5,5,1575,7 Marla House For Sale In Citi Housing Jhelum,https://www.zameen.com/Property/jhelum_citi_housing_scheme_7_marla_house_for_sale_in_citi_housing_jhelum-47588157-8433-1.html,Added: 1 week ago,Houses_Property,32.9431404735054,73.7020826339722,7,Punjab,Mian Real Estate Builders & Developers,Buy
Jhelum,"Citi Housing Scheme, Jhelum",18000000,5,5,1125,5.5 Marla Most Beautiful Spanish House Is Available For Sale In Citi Housing Jhelum,https://www.zameen.com/Property/jhelum_citi_housing_scheme_5_5_marla_most_beautiful_spanish_house_is_available_for_sale_in_citi_housing_jhelum-47610803-8433-1.html,Added: 21 hours ago,Houses_Property,32.9431404735054,73.7020826339722,20,Punjab,Iqra Estate & Builders,Buy
Jhelum,"Citi Housing Scheme, Jhelum",22500000,0,0,1575,Buying A House In Citi Housing Scheme?,https://www.zameen.com/Property/jhelum_citi_housing_scheme_buying_a_house_in_citi_housing_scheme-47138255-8433-1.html,Added: 1 day ago,Houses_Property,32.9431404735054,73.7020826339722,6,Punjab,MS Al-Rehman & Co Real Estate & Constructions,Buy
Jhelum,"Citi Housing Scheme, Jhelum",22500000,0,0,1575,Buying A House In Citi Housing Scheme?,,Added: 1 day ago,Houses_Property,32.9431404735054,73.7020826339722,6,Punjab,MS Al-Rehman & Co Real Estate & Constructions,Buy
Jhelum,"Citi Housing Scheme, Jhelum",40000000,0,0,2250,House Available For sale In Citi Housing Scheme,https://www.zameen.com/Property/jhelum_citi_housing_scheme_house_available_for_sale_in_citi_housing_scheme-47138256-8433-1.html,Added: 1 day ago,Houses_Property,32.9431404735054,73.7020826339722,8,Punjab,MS Al-Rehman & Co Real Estate & Constructions,Buy
Jhelum,"Citi Housing Scheme, Jhelum",14500000,0,0,1125,House For sale In Citi Housing Scheme Citi Housing Scheme,https://www.zameen.com/Property/jhelum_citi_housing_scheme_house_for_sale_in_citi_housing_scheme_citi_housing_scheme-47474984-8433-1.html,Added: 1 day ago,Houses_Property,32.9431404735054,73.7020826339722,16,Punjab,MS Al-Rehman & Co Real Estate & Constructions,Buy
Jhelum,"Citi Housing Scheme, Jhelum",14500000,0,0,1125,Citi Housing Scheme House For sale Sized 5 Marla,https://www.zameen.com/Property/jhelum_citi_housing_scheme_citi_housing_scheme_house_for_sale_sized_5_marla-47474988-8433-1.html,Added: 1 day ago,Houses_Property,32.9431404735054,73.7020826339722,16,Punjab,MS Al-Rehman & Co Real Estate & Constructions,Buy
Jhelum,"Citi Housing Scheme, Jhelum",15000000,4,4,1125,5 Marla b beautiful house available for sale in G Block citi housing jhelum,https://www.zameen.com/Property/jhelum_citi_housing_scheme_5_marla_b_beautiful_house_available_for_sale_in_g_block_citi_housing_jhelum-47204896-8433-1.html,Added: 9 hours ago,Houses_Property,32.9431,73.7021,15,Punjab,Pak UK Real Estate,Buy
Jhelum,"Citi Housing Scheme, Jhelum",16500000,4,4,1125,5 Marla House For Sale In Citi Housing Jhelum,https://www.zameen.com/Property/jhelum_citi_housing_scheme_5_marla_house_for_sale_in_citi_housing_jhelum-45731929-8433-1.html,Added: 2 days ago,Houses_Property,32.9431404735054,73.7020826339722,11,Punjab,Property Forecast,Buy
Jhelum,"Citi Housing Scheme, Jhelum",16500000,4,4,1125,5 Marla House For Sale In Citi Housing Jhelum,,Added: 2 days ago,Houses_Property,32.9431404735054,73.7020826339722,11,Punjab,Property Forecast,Buy
Jhelum,"Citi Housing Scheme, Jhelum",15500000,0,0,1125,"5 Marla House available for sale in Citi Housing Scheme, Citi Housing Scheme",https://www.zameen.com/Property/jhelum_citi_housing_scheme_5_marla_house_available_for_sale_in_citi_housing_scheme_citi_housing_scheme-47676744-8433-1.html,Added: 2 days ago,Houses_Property,32.9431404735054,73.7020826339722,20,Punjab,Mian Real Estate Builders & Developers,Buy
Jhelum,"Abbas Pura, Jhelum",11500000,6,4,900,Two Sides Open 4 Marla Double Story House For Sale,https://www.zameen.com/Property/jhelum_abbas_pura_two_sides_open_4_marla_double_story_house_for_sale-47498444-502-1.html,Added: 3 days ago,Houses_Property,32.944761,73.733919,15,Punjab,GOLD FUTURE Real Estate,Buy
Jhelum,"Abbas Pura, Jhelum",11500000,6,4,900,Two Sides Open 4 Marla Double Story House For Sale,,Added: 3 days ago,Houses_Property,32.944761,73.733919,15,Punjab,GOLD FUTURE Real Estate,Buy
Jhelum,"Citi Housing Scheme, Jhelum",21000000,0,0,1575,Book A House Of 10 Marla In Citi Housing Scheme Citi Housing Scheme,https://www.zameen.com/Property/jhelum_citi_housing_scheme_book_a_house_of_10_marla_in_citi_housing_scheme_citi_housing_scheme-47498908-8433-1.html,Added: 3 days ago,Houses_Property,32.9431404735054,73.7020826339722,15,Punjab,GOLD FUTURE Real Estate,Buy
Jhelum,"Citi Housing Scheme, Jhelum",16500000,0,0,1125,End Your Search For House Here And sale Now,https://www.zameen.com/Property/jhelum_citi_housing_scheme_end_your_search_for_house_here_and_sale_now-47219586-8433-1.html,Added: 3 days ago,Houses_Property,32.9431404735054,73.7020826339722,5,Punjab,GOLD FUTURE Real Estate,Buy
Jhelum,"Citi Housing Scheme, Jhelum",16500000,0,0,1125,"Reasonably-Priced 5 Marla House In Citi Housing Scheme, Citi Housing Scheme Is Available As Of Now",https://www.zameen.com/Property/jhelum_citi_housing_scheme_reasonably-priced_5_marla_house_in_citi_housing_scheme_citi_housing_scheme_is_available_as_of_now-47219587-8433-1.html,Added: 3 days ago,Houses_Property,32.9431404735054,73.7020826339722,5,Punjab,GOLD FUTURE Real Estate,Buy
Jhelum,"Citi Housing Scheme, Jhelum",16500000,0,0,1125,"Reasonably-Priced 5 Marla House In Citi Housing Scheme, Citi Housing Scheme Is Available As Of Now",,Added: 3 days ago,Houses_Property,32.9431404735054,73.7020826339722,5,Punjab,GOLD FUTURE Real Estate,Buy
Jhelum,"Citi Housing Scheme, Jhelum",16500000,0,0,1125,Centrally Located House For sale In Citi Housing Scheme Available,https://www.zameen.com/Property/jhelum_citi_housing_scheme_centrally_located_house_for_sale_in_citi_housing_scheme_available-47219590-8433-1.html,Added: 3 days ago,Houses_Property,32.9431404735054,73.7020826339722,5,Punjab,GOLD FUTURE Real Estate,Buy
Jhelum,"Citi Housing Scheme, Jhelum",16500000,0,0,1125,Centrally Located House For sale In Citi Housing Scheme Available,,Added: 3 days ago,Houses_Property,32.9431404735054,73.7020826339722,5,Punjab,GOLD FUTURE Real Estate,Buy
Jhelum,"Citi Housing Scheme, Jhelum",65000000,0,0,4500,House Of 1 Kanal Is Available For sale,https://www.zameen.com/Property/jhelum_citi_housing_scheme_house_of_1_kanal_is_available_for_sale-47368107-8433-1.html,Added: 3 weeks ago,Houses_Property,32.9431404735054,73.7020826339722,37,Punjab,Right Move Realtors,Buy
Jhelum,"Citi Housing Scheme, Jhelum",65000000,0,0,4500,House Of 1 Kanal Is Available For sale,,Added: 3 weeks ago,Houses_Property,32.9431404735054,73.7020826339722,37,Punjab,Right Move Realtors,Buy
Jhelum,"Citi Housing Scheme, Jhelum",65000000,0,0,4500,House Of 1 Kanal Is Available For sale,,Added: 3 weeks ago,Houses_Property,32.9431404735054,73.7020826339722,37,Punjab,Right Move Realtors,Buy
Jhelum,"Citi Housing Scheme, Jhelum",24000000,0,0,1575,7 Marla House In Citi Housing Scheme Is Available,https://www.zameen.com/Property/jhelum_citi_housing_scheme_7_marla_house_in_citi_housing_scheme_is_available-47350319-8433-1.html,Added: 3 weeks ago,Houses_Property,32.9431404735054,73.7020826339722,27,Punjab,New Version Real Estate,Buy
Jhelum,"Citi Housing Scheme, Jhelum",24000000,0,0,1575,7 Marla House In Citi Housing Scheme Is Available,,Added: 3 weeks ago,Houses_Property,32.9431404735054,73.7020826339722,27,Punjab,New Version Real Estate,Buy
Jhelum,"Citi Housing Scheme, Jhelum",21000000,4,4,1575,7 Marla House Prime Location Investor Rate,https://www.zameen.com/Property/jhelum_citi_housing_scheme_7_marla_house_prime_location_investor_rate-47691948-8433-1.html,Added: 23 hours ago,Houses_Property,32.9431404735054,73.7020826339722,10,Punjab,Homes Sphere,Buy
Jhelum,"Citi Housing Overseas - Block F, Citi Housing Overseas",15500000,4,3,1125,Beautiful 5 Marla House For Sale In Citi Housing Jhelum,https://www.zameen.com/Property/citi_housing_overseas_citi_housing_overseas_-_block_f_beautiful_5_marla_house_for_sale_in_citi_housing_jhelum-47592147-20090-1.html,Added: 1 day ago,Houses_Property,32.99457518,73.64648346,4,Punjab,CAS Marketing,Buy
Jhelum,"Citi Housing Overseas - Block D, Citi Housing Overseas",35000000,6,6,2250,10 Marla House For Sale,https://www.zameen.com/Property/citi_housing_overseas_citi_housing_overseas_-_block_d_10_marla_house_for_sale-47493208-20088-1.html,Added: 4 days ago,Houses_Property,32.98885056,73.66218159,7,Punjab,AL KAFEEL REAL ESTATE & BUILDERS,Buy
Jhelum,"Citi Housing Overseas - Block D, Citi Housing Overseas",35000000,6,6,2250,10 Marla House For Sale,,Added: 4 days ago,Houses_Property,32.98885056,73.66218159,7,Punjab,AL KAFEEL REAL ESTATE & BUILDERS,Buy
Jhelum,"Citi Housing Scheme, Jhelum",35000000,5,6,2250,10 Marla Luxury Arabian Villa My Own,https://www.zameen.com/Property/jhelum_citi_housing_scheme_10_marla_luxury_arabian_villa_my_own-47609724-8433-1.html,Added: 1 week ago,Houses_Property,32.9431404735054,73.7020826339722,5,Punjab,Homes Sphere,Buy
Jhelum,"Citi Housing Scheme, Jhelum",22500000,4,4,1575,7m Near Park House For Sale,https://www.zameen.com/Property/jhelum_citi_housing_scheme_7m_near_park_house_for_sale-47195190-8433-1.html,Added: 4 days ago,Houses_Property,32.9431404735054,73.7020826339722,0,Punjab,Pak UK Real Estate,Buy
Jhelum,"Citi Housing Scheme, Jhelum",22500000,4,4,1575,7m Near Park House For Sale,,Added: 4 days ago,Houses_Property,32.9431404735054,73.7020826339722,0,Punjab,Pak UK Real Estate,Buy
Jhelum,"Citi Housing Scheme, Jhelum",16000000,5,6,1125,5 Marla Beautifully Build House In D Block Available For Sale In Citi Housing Jhelum,https://www.zameen.com/Property/jhelum_citi_housing_scheme_5_marla_beautifully_build_house_in_d_block_available_for_sale_in_citi_housing_jhelum-47588065-8433-1.html,Added: 1 week ago,Houses_Property,32.9431404735054,73.7020826339722,5,Punjab,Mian Real Estate Builders & Developers,Buy
Jhelum,"Citi Housing Scheme, Jhelum",18000000,4,5,1575,J Block 7 Marla Grey Structure Under Construction House Is Available For Sale In Citi Housing Jhelum,https://www.zameen.com/Property/jhelum_citi_housing_scheme_j_block_7_marla_grey_structure_under_construction_house_is_available_for_sale_in_citi_housing_jhelum-47475540-8433-1.html,Added: 2 weeks ago,Houses_Property,32.943140473505,73.702082633972,4,Punjab,Mian Real Estate Builders & Developers,Buy
Jhelum,"Citi Housing Scheme, Jhelum",18000000,4,5,1575,J Block 7 Marla Grey Structure Under Construction House Is Available For Sale In Citi Housing Jhelum,,Added: 2 weeks ago,Houses_Property,32.943140473505,73.702082633972,4,Punjab,Mian Real Estate Builders & Developers,Buy
Jhelum,"Citi Housing Scheme, Jhelum",16500000,4,5,1125,5 Marla House In G Block Available For Sale In Citi Housing Jhelum,https://www.zameen.com/Property/jhelum_citi_housing_scheme_5_marla_house_in_g_block_available_for_sale_in_citi_housing_jhelum-47579479-8433-1.html,Added: 1 week ago,Houses_Property,32.9431404735054,73.7020826339722,7,Punjab,Mian Real Estate Builders & Developers,Buy
Jhelum,"Citi Housing Scheme, Jhelum",57000000,6,6,4950,22 Marla Villa In H Lock Available For Sale In Very Reasonable Price In Citi Housing Jhelum,https://www.zameen.com/Property/jhelum_citi_housing_scheme_22_marla_villa_in_h_lock_available_for_sale_in_very_reasonable_price_in_citi_housing_jhelum-47575659-8433-1.html,Added: 1 week ago,Houses_Property,32.9431404735054,73.7020826339722,7,Punjab,Mian Real Estate Builders & Developers,Buy
Jhelum,"Citi Housing Scheme, Jhelum",57000000,6,6,4950,22 Marla Villa In H Lock Available For Sale In Very Reasonable Price In Citi Housing Jhelum,,Added: 1 week ago,Houses_Property,32.9431404735054,73.7020826339722,7,Punjab,Mian Real Estate Builders & Developers,Buy
Jhelum,"Citi Housing Scheme, Jhelum",17000000,0,0,1350,Looking For A House In Citi Housing Scheme,https://www.zameen.com/Property/jhelum_citi_housing_scheme_looking_for_a_house_in_citi_housing_scheme-47138259-8433-1.html,Added: 1 day ago,Houses_Property,32.9431404735054,73.7020826339722,25,Punjab,MS Al-Rehman & Co Real Estate & Constructions,Buy
Jhelum,"Citi Housing Scheme, Jhelum",14000000,0,0,1125,Citi Housing Scheme House Sized 5 Marla Is Available,https://www.zameen.com/Property/jhelum_citi_housing_scheme_citi_housing_scheme_house_sized_5_marla_is_available-47219577-8433-1.html,Added: 3 days ago,Houses_Property,32.9431404735054,73.7020826339722,5,Punjab,GOLD FUTURE Real Estate,Buy
Jhelum,"Citi Housing Scheme, Jhelum",15000000,0,0,1125,5 Marla House available for sale in Citi Housing Scheme if you hurry,https://www.zameen.com/Property/jhelum_citi_housing_scheme_5_marla_house_available_for_sale_in_citi_housing_scheme_if_you_hurry-47219579-8433-1.html,Added: 3 days ago,Houses_Property,32.9431404735054,73.7020826339722,6,Punjab,GOLD FUTURE Real Estate,Buy
Jhelum,"Citi Housing Scheme, Jhelum",15000000,0,0,1125,5 Marla House available for sale in Citi Housing Scheme if you hurry,,Added: 3 days ago,Houses_Property,32.9431404735054,73.7020826339722,6,Punjab,GOLD FUTURE Real Estate,Buy
Jhelum,"Citi Housing Scheme, Jhelum",10000000,2,2,900,Two Bed Furnished Park Face Apartment For Sale,https://www.zameen.com/Property/jhelum_citi_housing_scheme_two_bed_furnished_park_face_apartment_for_sale-47067351-8433-1.html,Added: 4 days ago,Flats_Apartments,32.9431404735054,73.7020826339722,14,Punjab,PLOTS HUB REAL ESTATE,Buy
Jhelum,"Citi Housing Scheme, Jhelum",25000000,4,4,1575,7 Marla Luxury House Available For Sale In Citi Housing Jhelum,https://www.zameen.com/Property/jhelum_citi_housing_scheme_7_marla_luxury_house_available_for_sale_in_citi_housing_jhelum-47632631-8433-1.html,Added: 5 days ago,Houses_Property,32.9431404735054,73.7020826339722,16,Punjab,Pak UK Real Estate,Buy
Jhelum,"Citi Housing Scheme, Jhelum",15500000,0,0,1125,5 Marla House In Only Rs. 15500000,https://www.zameen.com/Property/jhelum_citi_housing_scheme_5_marla_house_in_only_rs_15500000-47173115-8433-1.html,Added: 5 days ago,Houses_Property,32.9431404735054,73.7020826339722,18,Punjab,IRY HOMES,Buy
Jhelum,"Citi Housing Scheme, Jhelum",25000000,0,0,1575,This Is Your Chance To Buy House In Citi Housing Scheme,https://www.zameen.com/Property/jhelum_citi_housing_scheme_this_is_your_chance_to_buy_house_in_citi_housing_scheme-47219606-8433-1.html,Added: 3 days ago,Houses_Property,32.9431404735054,73.7020826339722,5,Punjab,GOLD FUTURE Real Estate,Buy
Jhelum,"Citi Housing Scheme, Jhelum",23500000,4,5,1575,7 Marla Modern New House For Sale In Citi Housing,https://www.zameen.com/Property/jhelum_citi_housing_scheme_7_marla_modern_new_house_for_sale_in_citi_housing-46068516-8433-1.html,Added: 5 days ago,Houses_Property,32.9431404735054,73.7020826339722,33,Punjab,Property Forecast,Buy
Jhelum,"Citi Housing Scheme, Jhelum",23500000,4,5,1575,7 Marla Modern New House For Sale In Citi Housing,,Added: 5 days ago,Houses_Property,32.9431404735054,73.7020826339722,33,Punjab,Property Forecast,Buy
Jhelum,"Citi Housing Scheme, Jhelum",23500000,0,0,1575,7 Marla House For sale In Citi Housing Scheme,https://www.zameen.com/Property/jhelum_citi_housing_scheme_7_marla_house_for_sale_in_citi_housing_scheme-44708074-8433-1.html,Added: 5 days ago,Houses_Property,32.9431404735054,73.7020826339722,22,Punjab,Property Forecast,Buy
Jhelum,"Citi Housing Scheme, Jhelum",16500000,0,0,1125,Buy 5 Marla House At Highly Affordable Price,https://www.zameen.com/Property/jhelum_citi_housing_scheme_buy_5_marla_house_at_highly_affordable_price-44708072-8433-1.html,Added: 6 days ago,Houses_Property,32.9431404735054,73.7020826339722,18,Punjab,Property Forecast,Buy
Jhelum,"Citi Housing Scheme, Jhelum",16500000,0,0,1125,Buy 5 Marla House At Highly Affordable Price,,Added: 6 days ago,Houses_Property,32.9431404735054,73.7020826339722,18,Punjab,Property Forecast,Buy
Jhelum,"Citi Housing Scheme, Jhelum",17500000,4,4,1125,5 Marla Brand New House Is Available,https://www.zameen.com/Property/jhelum_citi_housing_scheme_5_marla_brand_new_house_is_available-47615223-8433-1.html,Added: 6 days ago,Houses_Property,32.9431404735054,73.7020826339722,23,Punjab,Pak UK Real Estate,Buy
Jhelum,"Citi Housing Scheme, Jhelum",23500000,4,5,1575,7 Marla Beautiful House For Sale In Citi Housing Jhelum,https://www.zameen.com/Property/jhelum_citi_housing_scheme_7_marla_beautiful_house_for_sale_in_citi_housing_jhelum-46328722-8433-1.html,Added: 2 weeks ago,Houses_Property,32.943140473505,73.702082633972,28,Punjab,Property Forecast,Buy
Jhelum,"Citi Housing Scheme, Jhelum",33500000,5,5,2250,10 marla House Citi housing jhelum Block E,https://www.zameen.com/Property/jhelum_citi_housing_scheme_10_marla_house_citi_housing_jhelum_block_e-47535659-8433-1.html,Added: 2 weeks ago,Houses_Property,32.9431404735054,73.7020826339722,11,Punjab,Mian Real Estate Builders & Developers,Buy
Jhelum,"Citi Housing Scheme, Jhelum",33500000,5,5,2250,10 marla House Citi housing jhelum Block E,,Added: 2 weeks ago,Houses_Property,32.9431404735054,73.7020826339722,11,Punjab,Mian Real Estate Builders & Developers,Buy
Jhelum,"Citi Housing Scheme, Jhelum",16000000,4,4,1125,5 marla house for sale citi housing jhelum,https://www.zameen.com/Property/jhelum_citi_housing_scheme_5_marla_house_for_sale_citi_housing_jhelum-47535103-8433-1.html,Added: 2 weeks ago,Houses_Property,32.9431404735054,73.7020826339722,8,Punjab,Mian Real Estate Builders & Developers,Buy
Jhelum,"Citi Housing Scheme, Jhelum",16000000,4,4,1125,5 marla house for sale citi housing jhelum,,Added: 2 weeks ago,Houses_Property,32.9431404735054,73.7020826339722,8,Punjab,Mian Real Estate Builders & Developers,Buy
Jhelum,"Citi Housing Scheme, Jhelum",70000000,0,0,4500,1 Kanal House For sale In Citi Housing Scheme Citi Housing Scheme,https://www.zameen.com/Property/jhelum_citi_housing_scheme_1_kanal_house_for_sale_in_citi_housing_scheme_citi_housing_scheme-47121585-8433-1.html,Added: 5 days ago,Houses_Property,32.9431404735054,73.7020826339722,35,Punjab,IRY HOMES,Buy
Jhelum,"Citi Housing Scheme, Jhelum",70000000,0,0,4500,1 Kanal House For sale In Citi Housing Scheme Citi Housing Scheme,,Added: 5 days ago,Houses_Property,32.9431404735054,73.7020826339722,35,Punjab,IRY HOMES,Buy
Jhelum,"Citi Housing Scheme, Jhelum",70000000,0,0,4500,1 Kanal House For sale In Citi Housing Scheme Citi Housing Scheme,,Added: 5 days ago,Houses_Property,32.9431404735054,73.7020826339722,35,Punjab,IRY HOMES,Buy
Jhelum,"Citi Housing Scheme, Jhelum",71000000,0,0,4500,A Great Choice For A 1 Kanal House Available In Citi Housing Scheme,https://www.zameen.com/Property/jhelum_citi_housing_scheme_a_great_choice_for_a_1_kanal_house_available_in_citi_housing_scheme-47040512-8433-1.html,Added: 5 days ago,Houses_Property,32.9431404735054,73.7020826339722,27,Punjab,IRY HOMES,Buy
Jhelum,"Citi Housing Scheme, Jhelum",71000000,0,0,4500,A Great Choice For A 1 Kanal House Available In Citi Housing Scheme,,Added: 5 days ago,Houses_Property,32.9431404735054,73.7020826339722,27,Punjab,IRY HOMES,Buy
Jhelum,"Citi Housing Scheme, Jhelum",17500000,4,4,1125,Luxurious 5 Marla Spanish House,https://www.zameen.com/Property/jhelum_citi_housing_scheme_luxurious_5_marla_spanish_house-47411478-8433-1.html,Added: 5 days ago,Houses_Property,32.9431404735054,73.7020826339722,6,Punjab,Sahad Ahmed,Buy
Jhelum,"Citi Housing Overseas - Block K, Citi Housing Overseas",15000000,4,4,1125,5 Marla gray structure house,https://www.zameen.com/Property/citi_housing_overseas_citi_housing_overseas_-_block_k_5_marla_gray_structure_house-47450079-20094-1.html,Added: 1 week ago,Houses_Property,32.99427631,73.65631229,12,Punjab,AL KAFEEL REAL ESTATE & BUILDERS,Buy
Jhelum,"Citi Housing Scheme, Jhelum",24500000,5,4,1575,"7 Marla Modern House In G Block, Citi Housing Jhelum",https://www.zameen.com/Property/jhelum_citi_housing_scheme_7_marla_modern_house_in_g_block_citi_housing_jhelum-46926087-8433-1.html,Added: 1 week ago,Houses_Property,32.9431404735054,73.7020826339722,9,Punjab,CAS Marketing,Buy
Jhelum,"Citi Housing Scheme, Jhelum",24500000,5,4,1575,"7 Marla Modern House In G Block, Citi Housing Jhelum",,Added: 1 week ago,Houses_Property,32.9431404735054,73.7020826339722,9,Punjab,CAS Marketing,Buy
Jhelum,"Citi Housing Scheme, Jhelum",24000000,5,4,1575,"7 Marla Modern House In D Block, Citi Housing Jhelum",https://www.zameen.com/Property/jhelum_citi_housing_scheme_7_marla_modern_house_in_d_block_citi_housing_jhelum-46926413-8433-1.html,Added: 1 week ago,Houses_Property,32.9431404735054,73.7020826339722,9,Punjab,CAS Marketing,Buy
Jhelum,"Citi Housing Scheme, Jhelum",17000000,4,3,1125,"5 Marla Beautiful House in B Block, Citi Housing Jhelum",https://www.zameen.com/Property/jhelum_citi_housing_scheme_5_marla_beautiful_house_in_b_block_citi_housing_jhelum-46927221-8433-1.html,Added: 1 week ago,Houses_Property,32.9431404735054,73.7020826339722,11,Punjab,CAS Marketing,Buy
Jhelum,"Citi Housing Scheme, Jhelum",17000000,4,3,1125,"5 Marla Beautiful House in B Block, Citi Housing Jhelum",,Added: 1 week ago,Houses_Property,32.9431404735054,73.7020826339722,11,Punjab,CAS Marketing,Buy
Jhelum,"Citi Housing Scheme, Jhelum",16500000,4,3,1125,5 Marla Modern House in G-Block Citi Housing Jhelum,https://www.zameen.com/Property/jhelum_citi_housing_scheme_5_marla_modern_house_in_g-block_citi_housing_jhelum-46926565-8433-1.html,Added: 1 week ago,Houses_Property,32.9431404735054,73.7020826339722,6,Punjab,CAS Marketing,Buy
Jhelum,"Citi Housing Scheme, Jhelum",23000000,5,4,1575,7 Marla Modern House In F-block Citi Housing Jhelum,https://www.zameen.com/Property/jhelum_citi_housing_scheme_7_marla_modern_house_in_f-block_citi_housing_jhelum-46927056-8433-1.html,Added: 1 week ago,Houses_Property,32.9431404735054,73.7020826339722,11,Punjab,CAS Marketing,Buy
Jhelum,"Citi Housing Scheme, Jhelum",23000000,5,4,1575,7 Marla Modern House In F-block Citi Housing Jhelum,,Added: 1 week ago,Houses_Property,32.9431404735054,73.7020826339722,11,Punjab,CAS Marketing,Buy
Jhelum,"Citi Housing Scheme, Jhelum",16000000,4,4,1125,5 Marla Brand New House Is Available,https://www.zameen.com/Property/jhelum_citi_housing_scheme_5_marla_brand_new_house_is_available-47585685-8433-1.html,Added: 1 week ago,Houses_Property,32.9431404735054,73.7020826339722,26,Punjab,Red Taj Builders & Developers Pvt Ltd,Buy
Jhelum,"Citi Housing Scheme, Jhelum",19800000,4,5,1575,7 Marla brand new house in Citihousing,https://www.zameen.com/Property/jhelum_citi_housing_scheme_7_marla_brand_new_house_in_citihousing-47451002-8433-1.html,Added: 1 week ago,Houses_Property,32.94314,73.702083,23,Punjab,Red Taj Builders & Developers Pvt Ltd,Buy
Jhelum,"Citi Housing Scheme, Jhelum",19800000,4,5,1575,7 Marla brand new house in Citihousing,,Added: 1 week ago,Houses_Property,32.94314,73.702083,23,Punjab,Red Taj Builders & Developers Pvt Ltd,Buy
Jhelum,"Citi Housing Scheme, Jhelum",24500000,5,6,1575,7 Marla brand new house in Citihousing scheme,https://www.zameen.com/Property/jhelum_citi_housing_scheme_7_marla_brand_new_house_in_citihousing_scheme-47451129-8433-1.html,Added: 1 week ago,Houses_Property,32.94314,73.702083,32,Punjab,Red Taj Builders & Developers Pvt Ltd,Buy
Jhelum,"Citi Housing Scheme, Jhelum",100000000,8,6,4500,Modern design fully furnished house,https://www.zameen.com/Property/jhelum_citi_housing_scheme_modern_design_fully_furnished_house-47451309-8433-1.html,Added: 1 week ago,Houses_Property,32.94314,73.702083,46,Punjab,Red Taj Builders & Developers Pvt Ltd,Buy
Jhelum,"Citi Housing Scheme, Jhelum",100000000,8,6,4500,One kanal Brand new fully furnished house,https://www.zameen.com/Property/jhelum_citi_housing_scheme_one_kanal_brand_new_fully_furnished_house-47451427-8433-1.html,Added: 1 week ago,Houses_Property,32.94314,73.702083,50,Punjab,Red Taj Builders & Developers Pvt Ltd,Buy
Jhelum,"Citi Housing Scheme, Jhelum",100000000,8,6,4500,One kanal Brand new fully furnished house,,Added: 1 week ago,Houses_Property,32.94314,73.702083,50,Punjab,Red Taj Builders & Developers Pvt Ltd,Buy
Jhelum,"Citi Housing Scheme, Jhelum",27500000,4,5,1575,7 Marla luxury furnished house available for sale Citi housing Jhelum,https://www.zameen.com/Property/jhelum_citi_housing_scheme_7_marla_luxury_furnished_house_available_for_sale_citi_housing_jhelum-47501299-8433-1.html,Added: 2 weeks ago,Houses_Property,32.99936586970185,73.6576412748658,25,Punjab,Gold Care Luxury Homes,Buy
Jhelum,"Citi Housing Scheme, Jhelum",24000000,4,5,1575,7 Marla House In K Block Available,https://www.zameen.com/Property/jhelum_citi_housing_scheme_7_marla_house_in_k_block_available-47253428-8433-1.html,Added: 3 weeks ago,Houses_Property,32.9431404735054,73.7020826339722,18,Punjab,Property Forecast,Buy
Jhelum,"Citi Housing Scheme, Jhelum",3000000,0,0,360,Furnished Studio Apartment Available For Sale With Transfer Letter In Citi Housing Jhelum,https://www.zameen.com/Property/jhelum_citi_housing_scheme_furnished_studio_apartment_available_for_sale_with_transfer_letter_in_citi_housing_jhelum-47400698-8433-1.html,Added: 3 weeks ago,Flats_Apartments,32.9431404735054,73.7020826339722,0,Punjab,Lux Aparts Boutique Living,Buy
Jhelum,"Citi Housing Scheme, Jhelum",27000000,5,4,1575,(5+2) Marla Beautiful Furnished House Available for Sale in G Block Street #36 in Citi Housing Jhelum,https://www.zameen.com/Property/jhelum_citi_housing_scheme_5_2_marla_beautiful_furnished_house_available_for_sale_in_g_block_street_36_in_citi_housing_jhelum-47524394-8433-1.html,Added: 2 weeks ago,Houses_Property,32.9431404735054,73.7020826339722,18,Punjab,New Version Real Estate,Buy
Jhelum,"Citi Housing Scheme, Jhelum",23500000,5,6,1575,7 Marla Spanish House For Sale In Citi Housing Jhelum,https://www.zameen.com/Property/jhelum_citi_housing_scheme_7_marla_spanish_house_for_sale_in_citi_housing_jhelum-46480178-8433-1.html,Added: 2 weeks ago,Houses_Property,32.9431,73.7021,14,Punjab,Property Forecast,Buy
Jhelum,"Citi Housing Scheme, Jhelum",23500000,5,6,1575,7 Marla Spanish House For Sale In Citi Housing Jhelum,,Added: 2 weeks ago,Houses_Property,32.9431,73.7021,14,Punjab,Property Forecast,Buy
Jhelum,"Citi Housing Scheme, Jhelum",16000000,3,3,1125,05 Marla Furnished House-Citi Housing Jhelum,https://www.zameen.com/Property/jhelum_citi_housing_scheme_05_marla_furnished_house-citi_housing_jhelum-46801209-8433-1.html,Added: 3 weeks ago,Houses_Property,32.9431404735054,73.7020826339722,11,Punjab,Mehtab Estate,Buy
Jhelum,"Citi Housing Scheme, Jhelum",29500000,5,4,2250,10 Marla Furnished House-Citi Housing Jhelum,https://www.zameen.com/Property/jhelum_citi_housing_scheme_10_marla_furnished_house-citi_housing_jhelum-46801383-8433-1.html,Added: 3 weeks ago,Houses_Property,32.9431404735054,73.7020826339722,26,Punjab,Mehtab Estate,Buy
Jhelum,"Citi Housing Scheme, Jhelum",29500000,5,4,2250,10 Marla Furnished House-Citi Housing Jhelum,,Added: 3 weeks ago,Houses_Property,32.9431404735054,73.7020826339722,26,Punjab,Mehtab Estate,Buy
Jhelum,"Citi Housing Scheme, Jhelum",49200000,6,6,4500,01 Kanal Furnished House-Citi Housing Jhelum,https://www.zameen.com/Property/jhelum_citi_housing_scheme_01_kanal_furnished_house-citi_housing_jhelum-46801591-8433-1.html,Added: 3 weeks ago,Houses_Property,32.9431404735054,73.7020826339722,6,Punjab,Mehtab Estate,Buy
Jhelum,"Citi Housing Overseas - Block J, Citi Housing Overseas",60000000,4,5,2250,10 Marla Fully Furnished Ultra Luxury House Available On Main Boulevard Available On Installments,https://www.zameen.com/Property/citi_housing_overseas_citi_housing_overseas_-_block_j_10_marla_fully_furnished_ultra_luxury_house_available_on_main_boulevard_available_on_installments-45601293-20093-1.html,Added: 3 weeks ago,Houses_Property,32.9975,73.6524,10,Punjab,Lux Aparts Boutique Living,Buy
Jhelum,"Citi Housing Scheme, Jhelum",50000000,0,0,4500,1kanal house available for sale in. citihousing jhelum .,https://www.zameen.com/Property/jhelum_citi_housing_scheme_1kanal_house_available_for_sale_in_citihousing_jhelum-47369435-8433-1.html,Added: 4 weeks ago,Houses_Property,32.9431404735054,73.7020826339722,12,Punjab,CHAUHAN INVESTMENT & MARKETING,Buy
Jhelum,"Citi Housing Scheme, Jhelum",50000000,0,0,4500,1kanal house available for sale in. citihousing jhelum .,,Added: 4 weeks ago,Houses_Property,32.9431404735054,73.7020826339722,12,Punjab,CHAUHAN INVESTMENT & MARKETING,Buy
Jhelum,"Citi Housing Scheme, Jhelum",3800000,2,2,810,2 Bed Apartment For Sale In Citi Housiing Jhelum,https://www.zameen.com/Property/jhelum_citi_housing_scheme_2_bed_apartment_for_sale_in_citi_housiing_jhelum-47369155-8433-1.html,Added: 4 weeks ago,Flats_Apartments,32.9431404735054,73.7020826339722,5,Punjab,Mian Real Estate Builders & Developers,Buy
Jhelum,"Citi Housing Scheme, Jhelum",3800000,2,2,810,2 Bed Apartment For Sale In Citi Housiing Jhelum,,Added: 4 weeks ago,Flats_Apartments,32.9431404735054,73.7020826339722,5,Punjab,Mian Real Estate Builders & Developers,Buy
Jhelum,"Citi Housing Scheme, Jhelum",14500000,4,3,1125,G block street 30 house 5 marla for sale,https://www.zameen.com/Property/jhelum_citi_housing_scheme_g_block_street_30_house_5_marla_for_sale-47473688-8433-1.html,Added: 2 weeks ago,Houses_Property,32.9431404735054,73.7020826339722,6,Punjab,Al-Faisal Realtors Real Estate,Buy
Jhelum,"Citi Housing Scheme, Jhelum",14500000,4,3,1125,G block street 30 house 5 marla for sale,,Added: 2 weeks ago,Houses_Property,32.9431404735054,73.7020826339722,6,Punjab,Al-Faisal Realtors Real Estate,Buy
Jhelum,"Citi Housing Scheme, Jhelum",14500000,4,3,1125,G block street 30 house 5 marla for sale,,Added: 2 weeks ago,Houses_Property,32.9431404735054,73.7020826339722,6,Punjab,Al-Faisal Realtors Real Estate,Buy
Jhelum,"Citi Housing Overseas - Block H, Citi Housing Overseas",36500000,5,4,2250,2250 Square Feet House For Sale In Jhelum,https://www.zameen.com/Property/citi_housing_overseas_citi_housing_overseas_-_block_h_2250_square_feet_house_for_sale_in_jhelum-47295654-20092-1.html,Added: 3 weeks ago,Houses_Property,33.00027082,73.65529717,0,Punjab,Right Move Realtors,Buy
Jhelum,"Citi Housing Overseas - Block H, Citi Housing Overseas",36500000,5,4,2250,2250 Square Feet House For Sale In Jhelum,,Added: 3 weeks ago,Houses_Property,33.00027082,73.65529717,0,Punjab,Right Move Realtors,Buy
Jhelum,"Citi Housing Overseas - Block G, Citi Housing Overseas",28500000,5,5,2250,2 Year Old Construction,https://www.zameen.com/Property/citi_housing_overseas_citi_housing_overseas_-_block_g_2_year_old_construction-47408507-20091-1.html,Added: 3 weeks ago,Houses_Property,32.99935434,73.64776145,0,Punjab,Right Move Realtors,Buy
Jhelum,"Citi Housing Scheme, Jhelum",15000000,4,5,1125,5 Marla House For Sale In Citi Housing Jhelum,https://www.zameen.com/Property/jhelum_citi_housing_scheme_5_marla_house_for_sale_in_citi_housing_jhelum-47367816-8433-1.html,Added: 4 weeks ago,Houses_Property,32.9431404735054,73.7020826339722,5,Punjab,Mian Real Estate Builders & Developers,Buy
Jhelum,"Citi Housing Scheme, Jhelum",17000000,0,0,1125,5 Marla House Is Available In Citi Housing Scheme,https://www.zameen.com/Property/jhelum_citi_housing_scheme_5_marla_house_is_available_in_citi_housing_scheme-47039353-8433-1.html,Added: 4 weeks ago,Houses_Property,32.9431404735054,73.7020826339722,43,Punjab,New Version Real Estate,Buy
Jhelum,"Citi Housing Scheme, Jhelum",17000000,0,0,1125,5 Marla House Is Available In Citi Housing Scheme,,Added: 4 weeks ago,Houses_Property,32.9431404735054,73.7020826339722,43,Punjab,New Version Real Estate,Buy
Jhelum,"Citi Housing Scheme, Jhelum",35000000,5,5,2250,10 Marla Arabian Villa For Sale In Citi Housing Jhelum.,https://www.zameen.com/Property/jhelum_citi_housing_scheme_10_marla_arabian_villa_for_sale_in_citi_housing_jhelum-46066009-8433-1.html,Added: 1 month ago,Houses_Property,32.943140473505,73.702082633972,14,Punjab,Lux Aparts Boutique Living,Buy
Jhelum,"Citi Housing Scheme, Jhelum",24500000,4,4,1125,5 Marla Luxury House Available On Installments,https://www.zameen.com/Property/jhelum_citi_housing_scheme_5_marla_luxury_house_available_on_installments-44991394-8433-1.html,Added: 1 month ago,Houses_Property,32.9431,73.7021,10,Punjab,Lux Aparts Boutique Living,Buy
Jhelum,"Citi Housing Scheme, Jhelum",24500000,4,4,1125,5 Marla Luxury House Available On Installments,,Added: 1 month ago,Houses_Property,32.9431,73.7021,10,Punjab,Lux Aparts Boutique Living,Buy
Jhelum,"Citi Housing Scheme, Jhelum",26000000,4,4,1395,"Corner House For sale in City housing JHELUM
Block G",https://www.zameen.com/Property/jhelum_citi_housing_scheme_corner_house_for_sale_in_city_housing_jhelum_block_g-46733234-8433-1.html,Added: 2 months ago,Houses_Property,32.94314047350539,73.70208263397222,48,Punjab,RM Marketing & Real Estate,Buy
Jhelum,"Citi Housing Scheme, Jhelum",16000000,4,4,1125,Beautiful 5 Marla House Available For Sale,https://www.zameen.com/Property/jhelum_citi_housing_scheme_beautiful_5_marla_house_available_for_sale-47233214-8433-1.html,Added: 9 hours ago,Houses_Property,32.9431404735054,73.7020826339722,19,Punjab,Pak UK Real Estate,Buy
Jhelum,"Citi Housing Scheme, Jhelum",16000000,4,4,1125,Beautiful 5 Marla House Available For Sale,,Added: 9 hours ago,Houses_Property,32.9431404735054,73.7020826339722,19,Punjab,Pak UK Real Estate,Buy
Jhelum,"Satellite Town, GT Road",22500000,1,1,135,Golden Tulip hotel,https://www.zameen.com/Property/gt_road_satellite_town_golden_tulip_hotel-47633591-11363-1.html,Added: 5 days ago,Rooms,32.994946,73.656399,17,Punjab,Right Move Realtors,Buy
Jhelum,"Citi Housing Scheme, Jhelum",34000000,6,6,2250,10 Marla House Is Available,https://www.zameen.com/Property/jhelum_citi_housing_scheme_10_marla_house_is_available-46982577-8433-1.html,Added: 6 days ago,Houses_Property,32.9431404735054,73.7020826339722,31,Punjab,Dream Real Estate,Buy
Jhelum,"Citi Housing Scheme, Jhelum",34000000,6,6,2250,10 Marla House Is Available,,Added: 6 days ago,Houses_Property,32.9431404735054,73.7020826339722,31,Punjab,Dream Real Estate,Buy
Jhelum,"Citi Housing Scheme, Jhelum",37500000,6,6,2250,2250 Square Feet House In Citi Housing Scheme For Sale,https://www.zameen.com/Property/jhelum_citi_housing_scheme_2250_square_feet_house_in_citi_housing_scheme_for_sale-45474358-8433-1.html,Added: 6 days ago,Houses_Property,32.9431,73.7021,30,Punjab,Dream Real Estate,Buy
Jhelum,"Citi Housing Scheme, Jhelum",32000000,5,6,2250,10 Marla House,https://www.zameen.com/Property/jhelum_citi_housing_scheme_10_marla_house-45514830-8433-1.html,Added: 6 days ago,Houses_Property,32.9431404735054,73.7020826339722,22,Punjab,Dream Real Estate,Buy
Jhelum,"Citi Housing Scheme, Jhelum",23000000,4,5,1575,House In Citi Housing Scheme For Sale,https://www.zameen.com/Property/jhelum_citi_housing_scheme_house_in_citi_housing_scheme_for_sale-45803638-8433-1.html,Added: 6 days ago,Houses_Property,32.9431404735054,73.7020826339722,27,Punjab,Dream Real Estate,Buy
Jhelum,"Citi Housing Scheme, Jhelum",23000000,4,5,1575,House In Citi Housing Scheme For Sale,,Added: 6 days ago,Houses_Property,32.9431404735054,73.7020826339722,27,Punjab,Dream Real Estate,Buy
Jhelum,"Citi Housing Scheme, Jhelum",21000000,4,5,1575,1575 Square Feet House In Citi Housing Scheme For Sale,https://www.zameen.com/Property/jhelum_citi_housing_scheme_1575_square_feet_house_in_citi_housing_scheme_for_sale-45803398-8433-1.html,Added: 6 days ago,Houses_Property,32.9431404735054,73.7020826339722,25,Punjab,Dream Real Estate,Buy
Jhelum,"Citi Housing Scheme, Jhelum",16000000,4,4,1125,1125 Square Feet House Is Available In Citi Housing Scheme,https://www.zameen.com/Property/jhelum_citi_housing_scheme_1125_square_feet_house_is_available_in_citi_housing_scheme-45773488-8433-1.html,Added: 6 days ago,Houses_Property,32.9431404735054,73.7020826339722,24,Punjab,Dream Real Estate,Buy
Jhelum,"Citi Housing Scheme, Jhelum",15500000,4,5,1125,Ready To Sale A House 1125 Square Feet In Citi Housing Scheme Citi Housing Scheme,https://www.zameen.com/Property/jhelum_citi_housing_scheme_ready_to_sale_a_house_1125_square_feet_in_citi_housing_scheme_citi_housing_scheme-45623919-8433-1.html,Added: 6 days ago,Houses_Property,32.9431404735054,73.7020826339722,12,Punjab,Dream Real Estate,Buy
Jhelum,"Citi Housing Scheme, Jhelum",15500000,4,4,1125,Ready To Buy A House 1125 Square Feet In Citi Housing Scheme,https://www.zameen.com/Property/jhelum_citi_housing_scheme_ready_to_buy_a_house_1125_square_feet_in_citi_housing_scheme-46168654-8433-1.html,Added: 6 days ago,Houses_Property,32.9431404735054,73.7020826339722,16,Punjab,Dream Real Estate,Buy
Jhelum,"Citi Housing Scheme, Jhelum",37500000,5,6,2250,10 Marla House,https://www.zameen.com/Property/jhelum_citi_housing_scheme_10_marla_house-46171281-8433-1.html,Added: 6 days ago,Houses_Property,32.9431404735054,73.7020826339722,9,Punjab,Dream Real Estate,Buy
Jhelum,"Citi Housing Scheme, Jhelum",37500000,5,6,2250,10 Marla House,,Added: 6 days ago,Houses_Property,32.9431404735054,73.7020826339722,9,Punjab,Dream Real Estate,Buy
Jhelum,"Citi Housing Scheme, Jhelum",21000000,4,5,1575,7 Marla House,https://www.zameen.com/Property/jhelum_citi_housing_scheme_7_marla_house-46172814-8433-1.html,Added: 6 days ago,Houses_Property,32.9431404735054,73.7020826339722,24,Punjab,Dream Real Estate,Buy
Jhelum,"Citi Housing Scheme, Jhelum",15000000,4,4,1125,Stunning 1125 Square Feet House In Citi Housing Scheme Available,https://www.zameen.com/Property/jhelum_citi_housing_scheme_stunning_1125_square_feet_house_in_citi_housing_scheme_available-46249435-8433-1.html,Added: 6 days ago,Houses_Property,32.9431404735054,73.7020826339722,13,Punjab,Dream Real Estate,Buy
Jhelum,"Citi Housing Scheme, Jhelum",15000000,4,4,1125,Stunning 1125 Square Feet House In Citi Housing Scheme Available,,Added: 6 days ago,Houses_Property,32.9431404735054,73.7020826339722,13,Punjab,Dream Real Estate,Buy
Jhelum,"Citi Housing Scheme, Jhelum",25000000,4,5,1575,7 Marla House D Block,https://www.zameen.com/Property/jhelum_citi_housing_scheme_7_marla_house_d_block-46619597-8433-1.html,Added: 6 days ago,Houses_Property,32.9431404735054,73.7020826339722,18,Punjab,Dream Real Estate,Buy
Jhelum,"Citi Housing Scheme, Jhelum",30000000,4,4,2250,E block 10 marla house for sale,https://www.zameen.com/Property/jhelum_citi_housing_scheme_e_block_10_marla_house_for_sale-47473895-8433-1.html,Added: 2 weeks ago,Houses_Property,32.9431404735054,73.7020826339722,10,Punjab,Al-Faisal Realtors Real Estate,Buy
Jhelum,"Citi Housing Scheme, Jhelum",18000000,4,3,1125,D Block 5 marla house for sale,https://www.zameen.com/Property/jhelum_citi_housing_scheme_d_block_5_marla_house_for_sale-47473076-8433-1.html,Added: 2 weeks ago,Houses_Property,32.9431404735054,73.7020826339722,6,Punjab,Al-Faisal Realtors Real Estate,Buy
Jhelum,"Citi Housing Scheme, Jhelum",18000000,4,3,1125,D Block 5 marla house for sale,,Added: 2 weeks ago,Houses_Property,32.9431404735054,73.7020826339722,6,Punjab,Al-Faisal Realtors Real Estate,Buy
Jhelum,"Citi Housing Scheme, Jhelum",23000000,4,5,1575,Buy A Centrally Located 1575 Square Feet House In Citi Housing Scheme,https://www.zameen.com/Property/jhelum_citi_housing_scheme_buy_a_centrally_located_1575_square_feet_house_in_citi_housing_scheme-45374466-8433-1.html,Added: 4 weeks ago,Houses_Property,32.9431404735054,73.7020826339722,24,Punjab,Dream Real Estate,Buy
Jhelum,"Citi Housing Scheme, Jhelum",23000000,4,5,1575,Buy A Centrally Located 1575 Square Feet House In Citi Housing Scheme,,Added: 4 weeks ago,Houses_Property,32.9431404735054,73.7020826339722,24,Punjab,Dream Real Estate,Buy
Jhelum,"Citi Housing Scheme, Jhelum",17000000,4,5,1125,Brand New 5Marla Top Quality House Citi Housing,https://www.zameen.com/Property/jhelum_citi_housing_scheme_brand_new_5marla_top_quality_house_citi_housing-47518717-8433-1.html,Added: 1 day ago,Houses_Property,32.9431404735054,73.7020826339722,1,Punjab,AZAM PROPERTIES,Buy
Jhelum,"Citi Housing Scheme, Jhelum",17000000,4,5,1125,Brand New 5Marla Top Quality House Citi Housing,,Added: 1 day ago,Houses_Property,32.9431404735054,73.7020826339722,1,Punjab,AZAM PROPERTIES,Buy
Jhelum,"Citi Housing Scheme, Jhelum",17000000,4,5,1125,Brand New 5Marla Top Quality House Citi Housing,,Added: 1 day ago,Houses_Property,32.9431404735054,73.7020826339722,1,Punjab,AZAM PROPERTIES,Buy
Jhelum,"Citi Housing Scheme, Jhelum",35000000,5,5,2250,Beautiful New 10Marla House For Sale Citi Housing,https://www.zameen.com/Property/jhelum_citi_housing_scheme_beautiful_new_10marla_house_for_sale_citi_housing-47518892-8433-1.html,Added: 2 weeks ago,Houses_Property,32.9431404735054,73.7020826339722,1,Punjab,AZAM PROPERTIES,Buy
Jhelum,"Citi Housing Scheme, Jhelum",35000000,5,5,2250,Beautiful New 10Marla House For Sale Citi Housing,,Added: 2 weeks ago,Houses_Property,32.9431404735054,73.7020826339722,1,Punjab,AZAM PROPERTIES,Buy
Jhelum,"Citi Housing Scheme, Jhelum",40000000,5,5,2250,10 Marla Spanish Villa For Sale In Citi Housing Jhelum.,https://www.zameen.com/Property/jhelum_citi_housing_scheme_10_marla_spanish_villa_for_sale_in_citi_housing_jhelum-46541133-8433-1.html,Added: 3 weeks ago,Houses_Property,32.943140473505,73.702082633972,1,Punjab,Lux Aparts Boutique Living,Buy
Jhelum,"Citi Housing Scheme, Jhelum",24000000,4,4,1575,7 Marla Main Boulevard House For Sale In Citi Housing Jhelum.,https://www.zameen.com/Property/jhelum_citi_housing_scheme_7_marla_main_boulevard_house_for_sale_in_citi_housing_jhelum-46543681-8433-1.html,Added: 3 weeks ago,Houses_Property,32.9431404735054,73.7020826339722,1,Punjab,Lux Aparts Boutique Living,Buy
Jhelum,"Citi Housing Scheme, Jhelum",55000000,5,5,4500,1 Kanal Villa For Sale In Citi Housing Jhelum.,https://www.zameen.com/Property/jhelum_citi_housing_scheme_1_kanal_villa_for_sale_in_citi_housing_jhelum-46545380-8433-1.html,Added: 3 weeks ago,Houses_Property,32.9431404735054,73.7020826339722,2,Punjab,Lux Aparts Boutique Living,Buy
Jhelum,"Citi Housing Scheme, Jhelum",55000000,5,5,4500,1 Kanal Villa For Sale In Citi Housing Jhelum.,,Added: 3 weeks ago,Houses_Property,32.9431404735054,73.7020826339722,2,Punjab,Lux Aparts Boutique Living,Buy
Jhelum,"Citi Housing Scheme, Jhelum",12000000,4,4,1125,5 Marla Grey Structure Available In B-block Citi Housing Jhelum,https://www.zameen.com/Property/jhelum_citi_housing_scheme_5_marla_grey_structure_available_in_b-block_citi_housing_jhelum-46469017-8433-1.html,Added: 4 weeks ago,Houses_Property,32.9431404735054,73.7020826339722,1,Punjab,STAR PROPERTIES,Buy
Jhelum,"Citi Housing Scheme, Jhelum",6500000,2,2,900,Fully Furnished Flat For Sale In Main Boulevard In Very Reasonable Price Citi Housing Jhelum,https://www.zameen.com/Property/jhelum_citi_housing_scheme_fully_furnished_flat_for_sale_in_main_boulevard_in_very_reasonable_price_citi_housing_jhelum-47191390-8433-1.html,Added: 1 month ago,Flats_Apartments,32.9431404735054,73.7020826339722,3,Punjab,Mian Real Estate Builders & Developers,Buy
Jhelum,"Citi Housing Scheme, Jhelum",6500000,2,2,900,Fully Furnished Flat For Sale In Main Boulevard In Very Reasonable Price Citi Housing Jhelum,,Added: 1 month ago,Flats_Apartments,32.9431404735054,73.7020826339722,3,Punjab,Mian Real Estate Builders & Developers,Buy
Jhelum,"Citi Housing Scheme, Jhelum",16000000,4,4,1125,5 marla brand new house available for sale in B- block citi housing jhelum,https://www.zameen.com/Property/jhelum_citi_housing_scheme_5_marla_brand_new_house_available_for_sale_in_b-_block_citi_housing_jhelum-46960197-8433-1.html,Added: 2 months ago,Houses_Property,32.9431404735054,73.7020826339722,2,Punjab,STAR PROPERTIES,Buy
Jhelum,"Citi Housing Scheme, Jhelum",15000000,4,5,1125,5 marla house for Sale in citi housing jhelum,https://www.zameen.com/Property/jhelum_citi_housing_scheme_5_marla_house_for_sale_in_citi_housing_jhelum-47680936-8433-1.html,Added: 2 days ago,Houses_Property,32.9431404735054,73.7020826339722,5,Punjab,Mian Real Estate Builders & Developers,Buy
Jhelum,"Citi Housing Scheme, Jhelum",15000000,4,5,1125,5 marla house for Sale in citi housing jhelum,,Added: 2 days ago,Houses_Property,32.9431404735054,73.7020826339722,5,Punjab,Mian Real Estate Builders & Developers,Buy
Jhelum,"Citi Housing Scheme, Jhelum",22500000,4,5,1575,7 Marla House,https://www.zameen.com/Property/jhelum_citi_housing_scheme_7_marla_house-47128009-8433-1.html,Added: 6 days ago,Houses_Property,32.9431404735054,73.7020826339722,1,Punjab,Dream Real Estate,Buy
Jhelum,"Citi Housing Scheme, Jhelum",24000000,4,5,1575,"1575 Square Feet House For Sale In Rs. 24,000,000 Only",https://www.zameen.com/Property/jhelum_citi_housing_scheme_1575_square_feet_house_for_sale_in_rs_24_000_000_only-45552483-8433-1.html,Added: 6 days ago,Houses_Property,32.9431404735054,73.7020826339722,1,Punjab,Dream Real Estate,Buy
Jhelum,"Citi Housing Scheme, Jhelum",24000000,4,5,1575,"1575 Square Feet House For Sale In Rs. 24,000,000 Only",,Added: 6 days ago,Houses_Property,32.9431404735054,73.7020826339722,1,Punjab,Dream Real Estate,Buy
Jhelum,"GT Road, Jhelum",30000000,5,3,3825,residential house,https://www.zameen.com/Property/jhelum_gt_road_residential_house-47508941-5433-1.html,Added: 2 weeks ago,Houses_Property,32.95706348726439,73.70687615501046,1,Punjab,,Buy
Jhelum,"Citi Housing Scheme, Jhelum",21000000,0,0,1350,6 Marla Corner House Available For Sale On Installment In K-block Citi Housing Jhelum,https://www.zameen.com/Property/jhelum_citi_housing_scheme_6_marla_corner_house_available_for_sale_on_installment_in_k-block_citi_housing_jhelum-46790834-8433-1.html,Added: 4 weeks ago,Houses_Property,32.9431404735054,73.7020826339722,3,Punjab,STAR PROPERTIES,Buy
Jhelum,"Mohalla Islamia School, Jhelum",10000000,3,3,1800,Property for sale in jehlum Islamiya Colony.,https://www.zameen.com/Property/jhelum_mohalla_islamia_school_property_for_sale_in_jehlum_islamiya_colony-46964646-5453-1.html,Added: 2 months ago,Houses_Property,32.94191599999998,73.73135100000005,2,Punjab,OPTIONS REAL ESTATE & BUILDERS,Buy
Jhelum,"Mohalla Islamia School, Jhelum",10000000,3,3,1800,Property for sale in jehlum Islamiya Colony.,,Added: 2 months ago,Houses_Property,32.94191599999998,73.73135100000005,2,Punjab,OPTIONS REAL ESTATE & BUILDERS,Buy
Jhelum,"Citi Housing Scheme, Jhelum",3700000,1,1,495,one bed Furnished Apartment for sale in Citi Housing Jhelum,https://www.zameen.com/Property/jhelum_citi_housing_scheme_one_bed_furnished_apartment_for_sale_in_citi_housing_jhelum-47564815-8433-1.html,Added: 2 weeks ago,Flats_Apartments,32.9431404735054,73.7020826339722,5,Punjab,Mian Real Estate Builders & Developers,Buy
Jhelum,"Citi Housing Scheme, Jhelum",17000000,4,4,1125,5 Marla Non Furnished House Available For Sale In B Block Street No. 25 Citi Housing Jhelum,https://www.zameen.com/Property/jhelum_citi_housing_scheme_5_marla_non_furnished_house_available_for_sale_in_b_block_street_no_25_citi_housing_jhelum-47260747-8433-1.html,Added: 9 hours ago,Houses_Property,32.9431404735054,73.7020826339722,0,Punjab,Pak UK Real Estate,Buy
Jhelum,"Citi Housing Scheme, Jhelum",25000000,5,5,1575,07 Marla Furnished House D Block-Citi Housing Jhelum,https://www.zameen.com/Property/jhelum_citi_housing_scheme_07_marla_furnished_house_d_block-citi_housing_jhelum-46770896-8433-1.html,Added: 2 weeks ago,Houses_Property,32.9431404735054,73.7020826339722,0,Punjab,Mehtab Estate,Buy
Jhelum,"Citi Housing Scheme, Jhelum",17000000,5,4,1125,House Of 1125 Square Feet In Citi Housing Scheme For Sale,https://www.zameen.com/Property/jhelum_citi_housing_scheme_house_of_1125_square_feet_in_citi_housing_scheme_for_sale-47414357-8433-1.html,Added: 3 weeks ago,Houses_Property,32.9431404735054,73.7020826339722,7,Punjab,CHAUHAN INVESTMENT & MARKETING,Buy
Jhelum,"Citi Housing Scheme, Jhelum",25000000,4,5,1125,Fully Furnished 5 Marla Luxury Villa For Sale In K Block Citi Housing,https://www.zameen.com/Property/jhelum_citi_housing_scheme_fully_furnished_5_marla_luxury_villa_for_sale_in_k_block_citi_housing-47400627-8433-1.html,Added: 3 weeks ago,Houses_Property,32.9431404735054,73.7020826339722,0,Punjab,Lux Aparts Boutique Living,Buy
Jhelum,"Citi Housing Scheme, Jhelum",25000000,4,5,1125,Fully Furnished 5 Marla Luxury Villa For Sale In K Block Citi Housing,,Added: 3 weeks ago,Houses_Property,32.9431404735054,73.7020826339722,0,Punjab,Lux Aparts Boutique Living,Buy
Jhelum,"Citi Housing Scheme, Jhelum",6500000,2,2,698,2 Bedroom Furnished Apartment Available For Sale In Citi Housing Jhelum.,https://www.zameen.com/Property/jhelum_citi_housing_scheme_2_bedroom_furnished_apartment_available_for_sale_in_citi_housing_jhelum-46543944-8433-1.html,Added: 3 weeks ago,Flats_Apartments,32.943140473505,73.702082633972,0,Punjab,Lux Aparts Boutique Living,Buy
Jhelum,"Citi Housing Scheme, Jhelum",16000000,4,4,1125,5 Marla House Is Available In K Block In Citi Housing Scheme,https://www.zameen.com/Property/jhelum_citi_housing_scheme_5_marla_house_is_available_in_k_block_in_citi_housing_scheme-47231845-8433-1.html,Added: 1 month ago,Houses_Property,32.9431404735054,73.7020826339722,0,Punjab,New Version Real Estate,Buy
Jhelum,"Citi Housing Scheme, Jhelum",16000000,4,4,1125,5 Marla House Is Available In K Block In Citi Housing Scheme,,Added: 1 month ago,Houses_Property,32.9431404735054,73.7020826339722,0,Punjab,New Version Real Estate,Buy
Jhelum,"Citi Housing Scheme, Jhelum",34000000,5,4,2250,House For Sale E Block Citi Housing Jhelum,https://www.zameen.com/Property/jhelum_citi_housing_scheme_house_for_sale_e_block_citi_housing_jhelum-47193295-8433-1.html,Added: 9 hours ago,Houses_Property,32.9431404735054,73.7020826339722,0,Punjab,Pak UK Real Estate,Buy
Jhelum,"Citi Housing Scheme, Jhelum",16000000,3,3,1125,Pak Uk Offers 5 Marla Brand New House In F Block,https://www.zameen.com/Property/jhelum_citi_housing_scheme_pak_uk_offers_5_marla_brand_new_house_in_f_block-47182354-8433-1.html,Added: 9 hours ago,Houses_Property,32.9431404735054,73.7020826339722,0,Punjab,Pak UK Real Estate,Buy
Jhelum,"Citi Housing Scheme, Jhelum",15000000,4,3,1125,5 Marla House,https://www.zameen.com/Property/jhelum_citi_housing_scheme_5_marla_house-45721518-8433-1.html,Added: 6 days ago,Houses_Property,32.9431404735054,73.7020826339722,0,Punjab,Dream Real Estate,Buy
Jhelum,"Citi Housing Scheme, Jhelum",15000000,4,3,1125,5 Marla House,,Added: 6 days ago,Houses_Property,32.9431404735054,73.7020826339722,0,Punjab,Dream Real Estate,Buy
Jhelum,"Citi Housing Scheme, Jhelum",15000000,4,3,1125,5 Marla House,,Added: 6 days ago,Houses_Property,32.9431404735054,73.7020826339722,0,Punjab,Dream Real Estate,Buy
Jhelum,"Citi Housing Scheme, Jhelum",15000000,4,3,1125,5 Marla House,,Added: 6 days ago,Houses_Property,32.9431404735054,73.7020826339722,0,Punjab,Dream Real Estate,Buy
Jhelum,"Citi Housing Scheme, Jhelum",15000000,4,3,1125,5 Marla House,,Added: 6 days ago,Houses_Property,32.9431404735054,73.7020826339722,0,Punjab,Dream Real Estate,Buy
Jhelum,"Citi Housing Scheme, Jhelum",15000000,4,3,1125,5 Marla House,,Added: 6 days ago,Houses_Property,32.9431404735054,73.7020826339722,0,Punjab,Dream Real Estate,Buy
Jhelum,"Citi Housing Scheme, Jhelum",15000000,4,3,1125,5 Marla House,,Added: 6 days ago,Houses_Property,32.9431404735054,73.7020826339722,0,Punjab,Dream Real Estate,Buy
Jhelum,"Citi Housing Scheme, Jhelum",15000000,4,3,1125,5 Marla House,,Added: 6 days ago,Houses_Property,32.9431404735054,73.7020826339722,0,Punjab,Dream Real Estate,Buy
