city,location,price,bedrooms,baths,size,title,page_url,date_added,property_type,latitude,longitude,number_of_photos,province,agency,purpose
Okara,"Saad City, Okara",12000000,5,5,900,Ready To sale A House 4 Marla In Saad City Saad City,https://www.zameen.com/Property/okara_saad_city_ready_to_sale_a_house_4_marla_in_saad_city_saad_city-47518495-10058-1.html,Added: 2 weeks ago,Houses_Property,30.827861,73.462451,39,Punjab,Ali Hussnain Estate & Developer,Buy
Okara,"Saad City, Okara",12000000,5,5,900,Ready To sale A House 4 Marla In Saad City Saad City,,Added: 2 weeks ago,Houses_Property,30.827861,73.462451,39,Punjab,Ali Hussnain Estate & Developer,Buy
Okara,"Saad City, Okara",12000000,5,5,900,Ready To sale A House 4 Marla In Saad City Saad City,,Added: 2 weeks ago,Houses_Property,30.827861,73.462451,39,Punjab,Ali Hussnain Estate & Developer,Buy
Okara,"Karem Town, Okara",37000000,10,6,3712,Ready To Buy A House 4455 Square Feet In Karem Town,https://www.zameen.com/Property/okara_karem_town_ready_to_buy_a_house_4455_square_feet_in_karem_town-46980499-5902-1.html,Added: 6 days ago,Houses_Property,30.816535,73.457079,25,Punjab,Bin Ismail Real Estate,Buy
Okara,"Karem Town, Okara",37000000,10,6,3712,Ready To Buy A House 4455 Square Feet In Karem Town,,Added: 6 days ago,Houses_Property,30.816535,73.457079,25,Punjab,Bin Ismail Real Estate,Buy
Okara,"2/4-L Road, Okara",16000000,5,6,1800,Looking For A House In 2/4-L Road,https://www.zameen.com/Property/okara_2_4-l_road_looking_for_a_house_in_2_4-l_road-47698559-12792-1.html,Added: 2 hours ago,Houses_Property,30.819241,73.430354,10,Punjab,Gujjar Property,Buy
Okara,"Okara Road, Okara",18500000,4,5,1125,End Your Search For House Here And sale Now,https://www.zameen.com/Property/okara_okara_road_end_your_search_for_house_here_and_sale_now-47698558-5909-1.html,Added: 2 hours ago,Houses_Property,30.821916,73.478837,39,Punjab,Gujjar Property,Buy
Okara,"Okara Road, Okara",18500000,4,5,1125,End Your Search For House Here And sale Now,,Added: 2 hours ago,Houses_Property,30.821916,73.478837,39,Punjab,Gujjar Property,Buy
Okara,"Ameer Colony, Okara",7500000,3,3,562,In Ameer Colony House For sale Sized 2 Marla,https://www.zameen.com/Property/okara_ameer_colony_in_ameer_colony_house_for_sale_sized_2_marla-47518492-5886-1.html,Added: 3 days ago,Houses_Property,30.818452,73.445191,6,Punjab,Ali Hussnain Estate & Developer,Buy
Okara,"Ameer Colony, Okara",7500000,3,3,562,In Ameer Colony House For sale Sized 2 Marla,,Added: 3 days ago,Houses_Property,30.818452,73.445191,6,Punjab,Ali Hussnain Estate & Developer,Buy
Okara,"Saad City, Okara",11000000,5,5,900,Reserve A Centrally Located House Of 4 Marla In Saad City,https://www.zameen.com/Property/okara_saad_city_reserve_a_centrally_located_house_of_4_marla_in_saad_city-47518482-10058-1.html,Added: 3 days ago,Houses_Property,30.827861,73.462451,38,Punjab,Ali Hussnain Estate & Developer,Buy
Okara,"Mohammad Ali Jinnah Road, Okara",50000000,6,6,2250,10 Marla House In Beautiful Location Of Mohammad Ali Jinnah Road In Mohammad Ali Jinnah Road,https://www.zameen.com/Property/okara_mohammad_ali_jinnah_road_10_marla_house_in_beautiful_location_of_mohammad_ali_jinnah_road_in_mohammad_ali_jinnah_road-47609817-5906-1.html,Added: 5 days ago,Houses_Property,30.803838,73.43384,6,Punjab,Al Rehman Advisor,Buy
Okara,"Mohammad Ali Jinnah Road, Okara",50000000,6,6,2250,10 Marla House In Beautiful Location Of Mohammad Ali Jinnah Road In Mohammad Ali Jinnah Road,,Added: 5 days ago,Houses_Property,30.803838,73.43384,6,Punjab,Al Rehman Advisor,Buy
Okara,"Faisal Colony, Okara",22500000,5,6,1575,7 Marla House In Faisal Colony Is Available,https://www.zameen.com/Property/okara_faisal_colony_7_marla_house_in_faisal_colony_is_available-47327038-1319-1.html,Added: 6 days ago,Houses_Property,30.821882,73.45375000000001,24,Punjab,Bin Ismail Real Estate,Buy
Okara,"Rehmat Ullah Town, Okara",12500000,3,4,788,A House Of 3 Marla In Rehmat Ullah Town,https://www.zameen.com/Property/okara_rehmat_ullah_town_a_house_of_3_marla_in_rehmat_ullah_town-47522589-9909-1.html,Added: 2 weeks ago,Houses_Property,30.819788,73.453388,6,Punjab,Pakistan Estate Agency,Buy
Okara,"Rehmat Ullah Town, Okara",12500000,3,4,788,A House Of 3 Marla In Rehmat Ullah Town,,Added: 2 weeks ago,Houses_Property,30.819788,73.453388,6,Punjab,Pakistan Estate Agency,Buy
Okara,"Qadir Colony, Okara",2000000,2,2,562,2 Marla House available for sale in Qadir Colony if you hurry,https://www.zameen.com/Property/okara_qadir_colony_2_marla_house_available_for_sale_in_qadir_colony_if_you_hurry-47522588-5911-1.html,Added: 2 weeks ago,Houses_Property,30.824791,73.456986,5,Punjab,Pakistan Estate Agency,Buy
Okara,"Faisal Colony, Okara",22500000,5,4,1575,Faisal Colony Corner House Fully Furnished 7marla,https://www.zameen.com/Property/okara_faisal_colony_faisal_colony_corner_house_fully_furnished_7marla-47290397-1319-1.html,Added: 6 days ago,Houses_Property,30.821882,73.45375,21,Punjab,Bin Ismail Real Estate,Buy
Okara,"2/4-L Road, Okara",20000000,5,6,1575,Looking For A House In 2/4-L Road,https://www.zameen.com/Property/okara_2_4-l_road_looking_for_a_house_in_2_4-l_road-47698571-12792-1.html,Added: 2 hours ago,Houses_Property,30.819241,73.430354,14,Punjab,Gujjar Property,Buy
Okara,"2/4-L Road, Okara",20000000,5,6,1575,Looking For A House In 2/4-L Road,,Added: 2 hours ago,Houses_Property,30.819241,73.430354,14,Punjab,Gujjar Property,Buy
Okara,"Saad City, Okara",9000000,4,5,1125,Ready To Buy A House In Saad City Saad City,https://www.zameen.com/Property/okara_saad_city_ready_to_buy_a_house_in_saad_city_saad_city-47609033-10058-1.html,Added: 3 days ago,Houses_Property,30.827861,73.462451,5,Punjab,Ali Hussnain Estate & Developer,Buy
Okara,"Ameer Colony, Okara",7500000,2,3,562,Buying A House In Ameer Colony?,https://www.zameen.com/Property/okara_ameer_colony_buying_a_house_in_ameer_colony-47609031-5886-1.html,Added: 3 days ago,Houses_Property,30.818452,73.445191,6,Punjab,Ali Hussnain Estate & Developer,Buy
Okara,"Canal Road, Okara",21000000,5,5,1125,5 Marla House In Stunning Canal Road Is Available For Sale,https://www.zameen.com/Property/okara_canal_road_5_marla_house_in_stunning_canal_road_is_available_for_sale-47609030-9896-1.html,Added: 3 days ago,Houses_Property,30.720444,73.925562,5,Punjab,Ali Hussnain Estate & Developer,Buy
Okara,"Depalpur Road, Okara",4000000,3,3,562,Buying A House In Depalpur Road Depalpur Road?,https://www.zameen.com/Property/okara_depalpur_road_buying_a_house_in_depalpur_road_depalpur_road-47609816-9942-1.html,Added: 1 week ago,Houses_Property,30.614231,73.601251,5,Punjab,Al Rehman Advisor,Buy
Okara,"Gulberg City, Okara",6500000,2,2,788,Stunning 3 Marla House In Gulberg City Available,https://www.zameen.com/Property/okara_gulberg_city_stunning_3_marla_house_in_gulberg_city_available-47699231-11151-1.html,Added: 5 minutes ago,Houses_Property,30.821186,73.430958,19,Punjab,Ali Hussnain Estate & Developer,Buy
Okara,"Gulberg City, Okara",6500000,2,2,788,Stunning 3 Marla House In Gulberg City Available,,Added: 5 minutes ago,Houses_Property,30.821186,73.430958,19,Punjab,Ali Hussnain Estate & Developer,Buy
Okara,"Gulberg City, Okara",15000000,4,5,1125,Get In Touch Now To Buy A 5 Marla House In Gulberg City,https://www.zameen.com/Property/okara_gulberg_city_get_in_touch_now_to_buy_a_5_marla_house_in_gulberg_city-47699230-11151-1.html,Added: 6 minutes ago,Houses_Property,30.821186,73.430958,8,Punjab,Ali Hussnain Estate & Developer,Buy
Okara,"Gulberg City, Okara",21500000,6,6,1688,Looking For A House In Gulberg City,https://www.zameen.com/Property/okara_gulberg_city_looking_for_a_house_in_gulberg_city-47699229-11151-1.html,Added: 6 minutes ago,Houses_Property,30.821186,73.430958,7,Punjab,Ali Hussnain Estate & Developer,Buy
Okara,"Gulberg City, Okara",21500000,6,6,1688,Looking For A House In Gulberg City,,Added: 6 minutes ago,Houses_Property,30.821186,73.430958,7,Punjab,Ali Hussnain Estate & Developer,Buy
Okara,"Jawad Avenue, Okara",13000000,4,5,1125,5 Marla House In Jawad Avenue For sale At Good Location,https://www.zameen.com/Property/okara_jawad_avenue_5_marla_house_in_jawad_avenue_for_sale_at_good_location-47699228-10057-1.html,Added: 6 minutes ago,Houses_Property,30.812976,73.473618,8,Punjab,Ali Hussnain Estate & Developer,Buy
Okara,"Faisal Colony, Okara",22500000,6,6,1800,House For Grabs In 8 Marla Faisal Colony,https://www.zameen.com/Property/okara_faisal_colony_house_for_grabs_in_8_marla_faisal_colony-47699227-1319-1.html,Added: 6 minutes ago,Houses_Property,30.821882,73.45375,7,Punjab,Ali Hussnain Estate & Developer,Buy
Okara,"Ameer Colony, Okara",7500000,3,3,562,House For sale Situated In Ameer Colony,https://www.zameen.com/Property/okara_ameer_colony_house_for_sale_situated_in_ameer_colony-47699221-5886-1.html,Added: 6 minutes ago,Houses_Property,30.818452,73.445191,6,Punjab,Ali Hussnain Estate & Developer,Buy
Okara,"Ameer Colony, Okara",7500000,3,3,562,House For sale Situated In Ameer Colony,,Added: 6 minutes ago,Houses_Property,30.818452,73.445191,6,Punjab,Ali Hussnain Estate & Developer,Buy
Okara,"Al Kheer City, Okara",13000000,4,5,1125,Get In Touch Now To Buy A House In Al Kheer City Al Kheer City,https://www.zameen.com/Property/okara_al_kheer_city_get_in_touch_now_to_buy_a_house_in_al_kheer_city_al_kheer_city-47699220-9983-1.html,Added: 6 minutes ago,Houses_Property,30.826772,73.467429,6,Punjab,Ali Hussnain Estate & Developer,Buy
Okara,"Saad City, Okara",12500000,4,5,1125,Reserve A House Now In Saad City,https://www.zameen.com/Property/okara_saad_city_reserve_a_house_now_in_saad_city-47699219-10058-1.html,Added: 6 minutes ago,Houses_Property,30.827861,73.462451,5,Punjab,Ali Hussnain Estate & Developer,Buy
Okara,"Saad City, Okara",9000000,2,2,1125,Own A House In 5 Marla Saad City,https://www.zameen.com/Property/okara_saad_city_own_a_house_in_5_marla_saad_city-47699218-10058-1.html,Added: 6 minutes ago,Houses_Property,30.827861,73.462451,5,Punjab,Ali Hussnain Estate & Developer,Buy
Okara,"Saad City, Okara",9000000,2,2,1125,Own A House In 5 Marla Saad City,,Added: 6 minutes ago,Houses_Property,30.827861,73.462451,5,Punjab,Ali Hussnain Estate & Developer,Buy
Okara,"2/4-L Road, Okara",70000000,8,6,5400,Your Search For House In 2/4-L Road Ends Here,https://www.zameen.com/Property/okara_2_4-l_road_your_search_for_house_in_2_4-l_road_ends_here-47699217-12792-1.html,Added: 6 minutes ago,Houses_Property,30.81924099999999,73.43035399999997,5,Punjab,Ali Hussnain Estate & Developer,Buy
Okara,"2/4-L Road, Okara",70000000,8,6,5400,Your Search For House In 2/4-L Road Ends Here,,Added: 6 minutes ago,Houses_Property,30.81924099999999,73.43035399999997,5,Punjab,Ali Hussnain Estate & Developer,Buy
Okara,"2/4-L Road, Okara",70000000,8,6,5400,Your Search For House In 2/4-L Road Ends Here,,Added: 6 minutes ago,Houses_Property,30.81924099999999,73.43035399999997,5,Punjab,Ali Hussnain Estate & Developer,Buy
Okara,"Saad City, Okara",9000000,3,4,675,Affordable House Of 3 Marla Is Available For sale,https://www.zameen.com/Property/okara_saad_city_affordable_house_of_3_marla_is_available_for_sale-47699216-10058-1.html,Added: 6 minutes ago,Houses_Property,30.827861,73.462451,5,Punjab,Ali Hussnain Estate & Developer,Buy
Okara,"Saad City, Okara",9000000,3,4,675,Affordable House Of 3 Marla Is Available For sale,,Added: 6 minutes ago,Houses_Property,30.827861,73.462451,5,Punjab,Ali Hussnain Estate & Developer,Buy
Okara,"Depalpur Road, Okara",5000000,3,3,450,In Depalpur Road You Can Find The Perfect House For sale,https://www.zameen.com/Property/okara_depalpur_road_in_depalpur_road_you_can_find_the_perfect_house_for_sale-47699214-9942-1.html,Added: 6 minutes ago,Houses_Property,30.614231,73.601251,13,Punjab,Ali Hussnain Estate & Developer,Buy
Okara,"Depalpur Road, Okara",8000000,4,4,675,3 Marla House In Depalpur Road For sale,https://www.zameen.com/Property/okara_depalpur_road_3_marla_house_in_depalpur_road_for_sale-47699213-9942-1.html,Added: 6 minutes ago,Houses_Property,30.614231,73.601251,22,Punjab,Ali Hussnain Estate & Developer,Buy
Okara,"Depalpur Road, Okara",8000000,4,4,675,3 Marla House In Depalpur Road For sale,,Added: 6 minutes ago,Houses_Property,30.614231,73.601251,22,Punjab,Ali Hussnain Estate & Developer,Buy
Okara,"Gulberg City, Okara",12000000,5,5,1012,Get A 4 Marla House For sale In Gulberg City,https://www.zameen.com/Property/okara_gulberg_city_get_a_4_marla_house_for_sale_in_gulberg_city-47699210-11151-1.html,Added: 6 minutes ago,Houses_Property,30.821186,73.430958,29,Punjab,Ali Hussnain Estate & Developer,Buy
Okara,"Gulberg City, Okara",12000000,5,5,1012,Get A 4 Marla House For sale In Gulberg City,,Added: 6 minutes ago,Houses_Property,30.821186,73.430958,29,Punjab,Ali Hussnain Estate & Developer,Buy
Okara,"Gulberg City, Okara",6500000,2,2,788,Gulberg City House Sized 3 Marla For sale,https://www.zameen.com/Property/okara_gulberg_city_gulberg_city_house_sized_3_marla_for_sale-47699209-11151-1.html,Added: 6 minutes ago,Houses_Property,30.821186,73.430958,19,Punjab,Ali Hussnain Estate & Developer,Buy
Okara,"Gulberg City, Okara",15000000,4,5,1125,Ideal House For sale In Gulberg City,https://www.zameen.com/Property/okara_gulberg_city_ideal_house_for_sale_in_gulberg_city-47699208-11151-1.html,Added: 6 minutes ago,Houses_Property,30.821186,73.430958,8,Punjab,Ali Hussnain Estate & Developer,Buy
Okara,"Gulberg City, Okara",15000000,4,5,1125,Ideal House For sale In Gulberg City,,Added: 6 minutes ago,Houses_Property,30.821186,73.430958,8,Punjab,Ali Hussnain Estate & Developer,Buy
Okara,"Gulberg City, Okara",21500000,6,6,1688,Get This Amazing 7 Marla House Available In Gulberg City,https://www.zameen.com/Property/okara_gulberg_city_get_this_amazing_7_marla_house_available_in_gulberg_city-47699206-11151-1.html,Added: 6 minutes ago,Houses_Property,30.821186,73.430958,7,Punjab,Ali Hussnain Estate & Developer,Buy
Okara,"Jawad Avenue, Okara",13000000,4,5,1125,Book A House Of 5 Marla In Jawad Avenue Jawad Avenue,https://www.zameen.com/Property/okara_jawad_avenue_book_a_house_of_5_marla_in_jawad_avenue_jawad_avenue-47699204-10057-1.html,Added: 6 minutes ago,Houses_Property,30.812976,73.473618,9,Punjab,Ali Hussnain Estate & Developer,Buy
Okara,"Jawad Avenue, Okara",13000000,4,5,1125,Book A House Of 5 Marla In Jawad Avenue Jawad Avenue,,Added: 6 minutes ago,Houses_Property,30.812976,73.473618,9,Punjab,Ali Hussnain Estate & Developer,Buy
Okara,"Faisal Colony, Okara",23000000,5,5,1350,In Faisal Colony 6 Marla House For sale,https://www.zameen.com/Property/okara_faisal_colony_in_faisal_colony_6_marla_house_for_sale-47698579-1319-1.html,Added: 2 hours ago,Houses_Property,30.821882,73.45375,19,Punjab,Gujjar Property,Buy
Okara,"Imran Akram Villas, Okara",35000000,6,6,2250,Gorgeous 10 Marla House For sale Available In Imran Akram Villas,https://www.zameen.com/Property/okara_imran_akram_villas_gorgeous_10_marla_house_for_sale_available_in_imran_akram_villas-47698578-10446-1.html,Added: 2 hours ago,Houses_Property,30.80218,73.433365,21,Punjab,Gujjar Property,Buy
Okara,"Gulberg City, Okara",14000000,4,5,1125,A 5 Marla House Located In Gulberg City Is Available For Sale,https://www.zameen.com/Property/okara_gulberg_city_a_5_marla_house_located_in_gulberg_city_is_available_for_sale-47698576-11151-1.html,Added: 2 hours ago,Houses_Property,30.821186,73.430958,9,Punjab,Gujjar Property,Buy
Okara,"Gulberg City, Okara",14000000,4,5,1125,A 5 Marla House Located In Gulberg City Is Available For Sale,,Added: 2 hours ago,Houses_Property,30.821186,73.430958,9,Punjab,Gujjar Property,Buy
Okara,"Model Town, Okara",17000000,4,5,1125,In Model Town House Sized 5 Marla For sale,https://www.zameen.com/Property/okara_model_town_in_model_town_house_sized_5_marla_for_sale-47698575-5905-1.html,Added: 2 hours ago,Houses_Property,30.819594,73.449819,15,Punjab,Gujjar Property,Buy
Okara,"Al Kheer City, Okara",14000000,4,5,1125,5 Marla House For Sale Available In Al Kheer City,https://www.zameen.com/Property/okara_al_kheer_city_5_marla_house_for_sale_available_in_al_kheer_city-47698574-9983-1.html,Added: 2 hours ago,Houses_Property,30.826772,73.467429,16,Punjab,Gujjar Property,Buy
Okara,"Green City, Okara",17500000,5,6,1575,Beautifully Constructed House Is Available For sale In Green City,https://www.zameen.com/Property/okara_green_city_beautifully_constructed_house_is_available_for_sale_in_green_city-47698573-10256-1.html,Added: 2 hours ago,Houses_Property,30.82386900000002,73.46753699999996,10,Punjab,Gujjar Property,Buy
Okara,"Naseem Fatima Colony, Okara",13000000,4,5,1125,5 Marla House Is Available In Affordable Price In Naseem Fatima Colony,https://www.zameen.com/Property/okara_naseem_fatima_colony_5_marla_house_is_available_in_affordable_price_in_naseem_fatima_colony-47698572-5908-1.html,Added: 2 hours ago,Houses_Property,30.808353,73.428791,16,Punjab,Gujjar Property,Buy
Okara,"Green City, Okara",7000000,3,3,450,2 Marla House For Grabs In Green City,https://www.zameen.com/Property/okara_green_city_2_marla_house_for_grabs_in_green_city-47698570-10256-1.html,Added: 2 hours ago,Houses_Property,30.823869,73.467537,12,Punjab,Gujjar Property,Buy
Okara,"Green City, Okara",7000000,3,3,450,2 Marla House For Grabs In Green City,,Added: 2 hours ago,Houses_Property,30.823869,73.467537,12,Punjab,Gujjar Property,Buy
Okara,"Al Kheer City, Okara",21500000,4,5,1350,6 Marla House For Sale In Rs. 21500000 Only,https://www.zameen.com/Property/okara_al_kheer_city_6_marla_house_for_sale_in_rs_21500000_only-47698569-9983-1.html,Added: 2 hours ago,Houses_Property,30.826772,73.467429,39,Punjab,Gujjar Property,Buy
Okara,"Canal View, Okara",13000000,4,5,1125,5 Marla House In Canal View For sale,https://www.zameen.com/Property/okara_canal_view_5_marla_house_in_canal_view_for_sale-47698567-5893-1.html,Added: 2 hours ago,Houses_Property,30.823317,73.438497,20,Punjab,Gujjar Property,Buy
Okara,"Canal View, Okara",13000000,4,5,1125,5 Marla House In Canal View For sale,,Added: 2 hours ago,Houses_Property,30.823317,73.438497,20,Punjab,Gujjar Property,Buy
Okara,"Al Kheer City, Okara",8500000,3,4,675,3 Marla House Up For sale In Al Kheer City,https://www.zameen.com/Property/okara_al_kheer_city_3_marla_house_up_for_sale_in_al_kheer_city-47698566-9983-1.html,Added: 2 hours ago,Houses_Property,30.826772,73.467429,7,Punjab,Gujjar Property,Buy
Okara,"Jawad Avenue, Okara",13000000,4,5,1125,5 Marla House Up For sale In Jawad Avenue,https://www.zameen.com/Property/okara_jawad_avenue_5_marla_house_up_for_sale_in_jawad_avenue-47698565-10057-1.html,Added: 2 hours ago,Houses_Property,30.812976,73.473618,14,Punjab,Gujjar Property,Buy
Okara,"Green City, Okara",15000000,3,4,900,Ready To Buy A House 4 Marla In Green City,https://www.zameen.com/Property/okara_green_city_ready_to_buy_a_house_4_marla_in_green_city-47698564-10256-1.html,Added: 2 hours ago,Houses_Property,30.823869,73.467537,6,Punjab,Gujjar Property,Buy
Okara,"Green City, Okara",15000000,3,4,900,Ready To Buy A House 4 Marla In Green City,,Added: 2 hours ago,Houses_Property,30.823869,73.467537,6,Punjab,Gujjar Property,Buy
Okara,"Al-Rehman City, Okara",20000000,4,5,1238,5 Marla House Situated In Al-Rehman City For sale,https://www.zameen.com/Property/okara_al-rehman_city_5_marla_house_situated_in_al-rehman_city_for_sale-47698562-9985-1.html,Added: 2 hours ago,Houses_Property,30.827882,73.474991,13,Punjab,Gujjar Property,Buy
Okara,"Al-Rehman City, Okara",22500000,5,6,1688,House Sized 7 Marla Available In Al-Rehman City,https://www.zameen.com/Property/okara_al-rehman_city_house_sized_7_marla_available_in_al-rehman_city-47698561-9985-1.html,Added: 2 hours ago,Houses_Property,30.827882,73.474991,20,Punjab,Gujjar Property,Buy
Okara,"Canal Road, Okara",16000000,4,5,1125,Ready To Buy A House 5 Marla In Canal Road,https://www.zameen.com/Property/okara_canal_road_ready_to_buy_a_house_5_marla_in_canal_road-47698560-9896-1.html,Added: 2 hours ago,Houses_Property,30.720444,73.925562,11,Punjab,Gujjar Property,Buy
Okara,"Canal Road, Okara",16000000,4,5,1125,Ready To Buy A House 5 Marla In Canal Road,,Added: 2 hours ago,Houses_Property,30.720444,73.925562,11,Punjab,Gujjar Property,Buy
Okara,"Mohammad Ali Jinnah Road, Okara",13000000,4,5,1125,5 Marla House Is Available For sale,https://www.zameen.com/Property/okara_mohammad_ali_jinnah_road_5_marla_house_is_available_for_sale-47698554-5906-1.html,Added: 2 hours ago,Houses_Property,30.803838,73.43384,13,Punjab,Gujjar Property,Buy
Okara,"Mohammad Ali Jinnah Road, Okara",13000000,4,5,1125,5 Marla House Is Available For sale,,Added: 2 hours ago,Houses_Property,30.803838,73.43384,13,Punjab,Gujjar Property,Buy
Okara,"Mohammad Ali Jinnah Road, Okara",13000000,4,5,1125,5 Marla House Is Available For sale,,Added: 2 hours ago,Houses_Property,30.803838,73.43384,13,Punjab,Gujjar Property,Buy
Okara,"Saad City, Okara",12000000,4,5,1125,Ready To Buy A House In Saad City Saad City,https://www.zameen.com/Property/okara_saad_city_ready_to_buy_a_house_in_saad_city_saad_city-47609032-10058-1.html,Added: 3 days ago,Houses_Property,30.827861,73.462451,6,Punjab,Ali Hussnain Estate & Developer,Buy
Okara,"Saad City, Okara",12000000,4,5,1125,Ready To Buy A House In Saad City Saad City,,Added: 3 days ago,Houses_Property,30.827861,73.462451,6,Punjab,Ali Hussnain Estate & Developer,Buy
Okara,"Jawad Avenue, Okara",13000000,4,5,1125,5 Marla House In Jawad Avenue For sale At Good Location,https://www.zameen.com/Property/okara_jawad_avenue_5_marla_house_in_jawad_avenue_for_sale_at_good_location-47609028-10057-1.html,Added: 3 days ago,Houses_Property,30.812976,73.473618,9,Punjab,Ali Hussnain Estate & Developer,Buy
Okara,"Depalpur Road, Okara",5000000,3,3,450,A Stunning House Is Up For Grabs In Depalpur Road Depalpur Road,https://www.zameen.com/Property/okara_depalpur_road_a_stunning_house_is_up_for_grabs_in_depalpur_road_depalpur_road-47609027-9942-1.html,Added: 3 days ago,Houses_Property,30.614231,73.601251,20,Punjab,Ali Hussnain Estate & Developer,Buy
Okara,"Depalpur Road, Okara",5000000,3,3,450,A Stunning House Is Up For Grabs In Depalpur Road Depalpur Road,,Added: 3 days ago,Houses_Property,30.614231,73.601251,20,Punjab,Ali Hussnain Estate & Developer,Buy
Okara,"Jawad Avenue, Okara",13000000,4,5,1125,House For sale Situated In Jawad Avenue,https://www.zameen.com/Property/okara_jawad_avenue_house_for_sale_situated_in_jawad_avenue-47606906-10057-1.html,Added: 3 days ago,Houses_Property,30.812976,73.473618,13,Punjab,Gujjar Property,Buy
Okara,"Jawad Avenue, Okara",13000000,4,5,1125,House For sale Situated In Jawad Avenue,,Added: 3 days ago,Houses_Property,30.812976,73.473618,13,Punjab,Gujjar Property,Buy
Okara,"Green City, Okara",15000000,3,4,900,4 Marla House For sale Available In Green City,https://www.zameen.com/Property/okara_green_city_4_marla_house_for_sale_available_in_green_city-47606903-10256-1.html,Added: 3 days ago,Houses_Property,30.823869,73.467537,6,Punjab,Gujjar Property,Buy
Okara,"Al-Raheem City, Okara",20000000,4,5,1238,5 Marla House Available In Al-Raheem City For sale,https://www.zameen.com/Property/okara_al-raheem_city_5_marla_house_available_in_al-raheem_city_for_sale-47606899-9981-1.html,Added: 3 days ago,Houses_Property,30.82177199999995,73.47092999999998,13,Punjab,Gujjar Property,Buy
Okara,"Al-Raheem City, Okara",20000000,4,5,1238,5 Marla House Available In Al-Raheem City For sale,,Added: 3 days ago,Houses_Property,30.82177199999995,73.47092999999998,13,Punjab,Gujjar Property,Buy
Okara,"Al-Raheem City, Okara",22500000,5,6,1688,"House Of 7 Marla Is Available For sale In Al-Raheem City, Al-Raheem City",https://www.zameen.com/Property/okara_al-raheem_city_house_of_7_marla_is_available_for_sale_in_al-raheem_city_al-raheem_city-47606896-9981-1.html,Added: 3 days ago,Houses_Property,30.82177199999995,73.47092999999998,20,Punjab,Gujjar Property,Buy
Okara,"Canal Road, Okara",16000000,4,5,1125,Ideally Located House Of 5 Marla Is Available For sale In Canal Road,https://www.zameen.com/Property/okara_canal_road_ideally_located_house_of_5_marla_is_available_for_sale_in_canal_road-47606895-9896-1.html,Added: 3 days ago,Houses_Property,30.720444,73.925562,11,Punjab,Gujjar Property,Buy
Okara,"Canal Road, Okara",16000000,4,5,1125,Ideally Located House Of 5 Marla Is Available For sale In Canal Road,,Added: 3 days ago,Houses_Property,30.720444,73.925562,11,Punjab,Gujjar Property,Buy
Okara,"Hassan Block, Okara",5200000,3,3,562,Looking For A House In Hassan Block,https://www.zameen.com/Property/okara_hassan_block_looking_for_a_house_in_hassan_block-47609813-15098-1.html,Added: 5 days ago,Houses_Property,30.82009099999997,73.46784600000001,6,Punjab,Al Rehman Advisor,Buy
Okara,"Hassan Block, Okara",9000000,4,5,1125,Find Your Ideal House In Hassan Block Under Rs. 9000000,https://www.zameen.com/Property/okara_hassan_block_find_your_ideal_house_in_hassan_block_under_rs_9000000-47609814-15098-1.html,Added: 5 days ago,Houses_Property,30.82009099999997,73.46784600000001,6,Punjab,Al Rehman Advisor,Buy
Okara,"Faisal Colony, Okara",20000000,5,6,1800,Best Options For House Is Available For sale In Faisal Colony,https://www.zameen.com/Property/okara_faisal_colony_best_options_for_house_is_available_for_sale_in_faisal_colony-47609815-1319-1.html,Added: 5 days ago,Houses_Property,30.821882,73.45375,5,Punjab,Al Rehman Advisor,Buy
Okara,"Faisal Colony, Okara",20000000,5,6,1800,Best Options For House Is Available For sale In Faisal Colony,,Added: 5 days ago,Houses_Property,30.821882,73.45375,5,Punjab,Al Rehman Advisor,Buy
Okara,"Jawad Avenue, Okara",14000000,6,4,2475,Jwad avenue A block 11 marly khti for sale,https://www.zameen.com/Property/okara_jawad_avenue_jwad_avenue_a_block_11_marly_khti_for_sale-47112859-10057-1.html,Added: 6 days ago,Houses_Property,30.812976,73.473618,0,Punjab,Bin Ismail Real Estate,Buy
Okara,"2/4-L Road, Okara",70000000,8,6,5400,Become Owner Of Your House Today Which Is Centrally Located In 2/4-L Road In 2/4-L Road,https://www.zameen.com/Property/okara_2_4-l_road_become_owner_of_your_house_today_which_is_centrally_located_in_2_4-l_road_in_2_4-l_road-47699233-12792-1.html,Added: 6 minutes ago,Houses_Property,30.81924099999999,73.43035399999997,5,Punjab,Ali Hussnain Estate & Developer,Buy
Okara,"2/4-L Road, Okara",70000000,8,6,5400,Become Owner Of Your House Today Which Is Centrally Located In 2/4-L Road In 2/4-L Road,,Added: 6 minutes ago,Houses_Property,30.81924099999999,73.43035399999997,5,Punjab,Ali Hussnain Estate & Developer,Buy
Okara,"2/4-L Road, Okara",70000000,8,6,5400,Become Owner Of Your House Today Which Is Centrally Located In 2/4-L Road In 2/4-L Road,,Added: 6 minutes ago,Houses_Property,30.81924099999999,73.43035399999997,5,Punjab,Ali Hussnain Estate & Developer,Buy
Okara,"2/4-L Road, Okara",70000000,8,6,5400,Become Owner Of Your House Today Which Is Centrally Located In 2/4-L Road In 2/4-L Road,,Added: 6 minutes ago,Houses_Property,30.81924099999999,73.43035399999997,5,Punjab,Ali Hussnain Estate & Developer,Buy
Okara,"2/4-L Road, Okara",70000000,8,6,5400,Become Owner Of Your House Today Which Is Centrally Located In 2/4-L Road In 2/4-L Road,,Added: 6 minutes ago,Houses_Property,30.81924099999999,73.43035399999997,5,Punjab,Ali Hussnain Estate & Developer,Buy
Okara,"2/4-L Road, Okara",70000000,8,6,5400,Become Owner Of Your House Today Which Is Centrally Located In 2/4-L Road In 2/4-L Road,,Added: 6 minutes ago,Houses_Property,30.81924099999999,73.43035399999997,5,Punjab,Ali Hussnain Estate & Developer,Buy
Okara,"2/4-L Road, Okara",70000000,8,6,5400,Become Owner Of Your House Today Which Is Centrally Located In 2/4-L Road In 2/4-L Road,,Added: 6 minutes ago,Houses_Property,30.81924099999999,73.43035399999997,5,Punjab,Ali Hussnain Estate & Developer,Buy
Okara,"2/4-L Road, Okara",70000000,8,6,5400,Become Owner Of Your House Today Which Is Centrally Located In 2/4-L Road In 2/4-L Road,,Added: 6 minutes ago,Houses_Property,30.81924099999999,73.43035399999997,5,Punjab,Ali Hussnain Estate & Developer,Buy
Okara,"2/4-L Road, Okara",70000000,8,6,5400,Become Owner Of Your House Today Which Is Centrally Located In 2/4-L Road In 2/4-L Road,,Added: 6 minutes ago,Houses_Property,30.81924099999999,73.43035399999997,5,Punjab,Ali Hussnain Estate & Developer,Buy
