city,location,price,bedrooms,baths,size,title,page_url,date_added,property_type,latitude,longitude,number_of_photos,province,agency,purpose
Quetta,"Qasim Bagh Town, Baleli Road",13800000,5,6,1125,Semi Furnished Spanish House,https://www.zameen.com/Property/baleli_road_qasim_bagh_town_semi_furnished_spanish_house-46845568-15017-1.html,Added: 2 weeks ago,Houses_Property,30.276536,66.866755,6,Balochistan,Qasim Bagh Town,Buy
Quetta,"Qasim Bagh Town, Baleli Road",13800000,5,6,1125,Semi Furnished Spanish House,,Added: 2 weeks ago,Houses_Property,30.276536,66.866755,6,Balochistan,Qasim Bagh Town,Buy
Quetta,"Qasim Bagh Town, Baleli Road",13800000,5,6,1125,Semi Furnished Spanish House,,Added: 2 weeks ago,Houses_Property,30.276536,66.866755,6,Balochistan,Qasim Bagh Town,Buy
Quetta,"Samungli Road, Quetta",13800000,5,6,1125,Semi Furnished Spanish House,https://www.zameen.com/Property/quetta_samungli_road_semi_furnished_spanish_house-47004139-8035-1.html,Added: 2 weeks ago,Houses_Property,30.207195,67.009513,6,Balochistan,Qasim Bagh Town,Buy
Quetta,"Samungli Road, Quetta",13800000,5,6,1125,Semi Furnished Spanish House,,Added: 2 weeks ago,Houses_Property,30.207195,67.009513,6,Balochistan,Qasim Bagh Town,Buy
Quetta,"Samungli Road, Quetta",15500000,5,6,1125,Fully Furnished Spanish House,https://www.zameen.com/Property/quetta_samungli_road_fully_furnished_spanish_house-47004300-8035-1.html,Added: 2 weeks ago,Houses_Property,30.207195,67.009513,11,Balochistan,Qasim Bagh Town,Buy
Quetta,"Baleli Road, Quetta",15500000,5,6,1125,Fully Furnished Spanish House,https://www.zameen.com/Property/quetta_baleli_road_fully_furnished_spanish_house-46905187-7965-1.html,Added: 3 weeks ago,Houses_Property,30.217542,67.013247,10,Balochistan,Qasim Bagh Town,Buy
Quetta,"Baleli Road, Quetta",15500000,5,6,1125,Fully Furnished Spanish House,,Added: 3 weeks ago,Houses_Property,30.217542,67.013247,10,Balochistan,Qasim Bagh Town,Buy
Quetta,"Baleli Road, Quetta",15500000,5,6,1125,Fully Furnished Spanish House,,Added: 3 weeks ago,Houses_Property,30.217542,67.013247,10,Balochistan,Qasim Bagh Town,Buy
Quetta,"Baleli Road, Quetta",15500000,5,6,1125,Fully Furnished Spanish House,,Added: 3 weeks ago,Houses_Property,30.217542,67.013247,10,Balochistan,Qasim Bagh Town,Buy
Quetta,"Baleli Road, Quetta",15500000,5,6,1125,Fully Furnished Spanish House,,Added: 3 weeks ago,Houses_Property,30.217542,67.013247,10,Balochistan,Qasim Bagh Town,Buy
Quetta,"Baleli Road, Quetta",15500000,5,6,1125,Fully Furnished Spanish House,,Added: 3 weeks ago,Houses_Property,30.217542,67.013247,10,Balochistan,Qasim Bagh Town,Buy
Quetta,"Baleli Road, Quetta",15500000,5,6,1125,Fully Furnished Spanish House,,Added: 3 weeks ago,Houses_Property,30.217542,67.013247,10,Balochistan,Qasim Bagh Town,Buy
Quetta,"Wapda Colony, Quetta",26000000,5,6,1800,Wapda Scheme Beautiful House For Sale,https://www.zameen.com/Property/quetta_wapda_colony_wapda_scheme_beautiful_house_for_sale-47572196-8051-1.html,Added: 1 week ago,Houses_Property,30.254322,67.025514,28,Balochistan,,Buy
Quetta,"McConaghey Road, Quetta",32000000,6,6,1508,Double Storey House Main Road Front for Sale,https://www.zameen.com/Property/quetta_mcconaghey_road_double_storey_house_main_road_front_for_sale-45831862-8007-1.html,Added: 2 weeks ago,Houses_Property,30.19017,67.017367,11,Balochistan,CAPITAL ENTERPRISES,Buy
Quetta,"McConaghey Road, Quetta",32000000,6,6,1508,Double Storey House Main Road Front for Sale,,Added: 2 weeks ago,Houses_Property,30.19017,67.017367,11,Balochistan,CAPITAL ENTERPRISES,Buy
Quetta,"Shahbaz Town, Quetta",11000000,2,2,1102,Flat Available For Sale,https://www.zameen.com/Property/quetta_shahbaz_town_flat_available_for_sale-47082780-623-1.html,Added: 2 weeks ago,Flats_Apartments,30.211163,67.001531,10,Balochistan,Continental Estate Services,Buy
Quetta,"Arbab Town, Quetta",9500000,3,3,990,Flat Available For Sale,https://www.zameen.com/Property/quetta_arbab_town_flat_available_for_sale-47082994-9525-1.html,Added: 2 weeks ago,Flats_Apartments,30.219084,66.981769,11,Balochistan,Continental Estate Services,Buy
Quetta,"Samungli Road, Quetta",41000000,7,6,1598,House Available For Sale,https://www.zameen.com/Property/quetta_samungli_road_house_available_for_sale-47151798-8035-1.html,Added: 2 weeks ago,Houses_Property,30.207195,67.009513,16,Balochistan,Continental Estate Services,Buy
Quetta,"Samungli Road, Quetta",41000000,7,6,1598,House Available For Sale,,Added: 2 weeks ago,Houses_Property,30.207195,67.009513,16,Balochistan,Continental Estate Services,Buy
Quetta,"Spinny Road, Quetta",22000000,6,5,1080,1080 Sqft Double Story House For Sale At Jabl-e-noor Housing,https://www.zameen.com/Property/quetta_spinny_road_1080_sqft_double_story_house_for_sale_at_jabl-e-noor_housing-46664827-8045-1.html,Added: 2 weeks ago,Houses_Property,30.198108,66.967492,9,Balochistan,Ababil Real Estate Builders & Marketing,Buy
Quetta,"Bawrery Road, Quetta",45000000,9,6,1598,1600 Sqft Cornor South Open Banglow For Sale At Railway Coprative Society,https://www.zameen.com/Property/quetta_bawrery_road_1600_sqft_cornor_south_open_banglow_for_sale_at_railway_coprative_society-46665536-7968-1.html,Added: 2 weeks ago,Houses_Property,30.190393,66.970239,24,Balochistan,Ababil Real Estate Builders & Marketing,Buy
Quetta,"Jinnah Town, Quetta",21000000,5,5,1642,Flat For Sale In Jinnah Town,https://www.zameen.com/Property/quetta_jinnah_town_flat_for_sale_in_jinnah_town-45176727-620-1.html,Added: 2 weeks ago,Flats_Apartments,30.2191,66.9957,28,Balochistan,360 Real Estate & Builders,Buy
Quetta,"Al-Khair Housing Scheme, Quetta",47500000,9,6,2768,House For Sale Al Khair Housing Scheme,https://www.zameen.com/Property/quetta_al-khair_housing_scheme_house_for_sale_al_khair_housing_scheme-45200707-10211-1.html,Added: 2 weeks ago,Houses_Property,30.233329,67.002442,27,Balochistan,360 Real Estate & Builders,Buy
Quetta,"Double Road, Quetta",25000000,7,6,1462,House For Sale In Double Road Quetta,https://www.zameen.com/Property/quetta_double_road_house_for_sale_in_double_road_quetta-45675204-12642-1.html,Added: 2 weeks ago,Houses_Property,30.177194,66.999425,11,Balochistan,360 Real Estate & Builders,Buy
Quetta,"Double Road, Quetta",25000000,7,6,1462,House For Sale In Double Road Quetta,,Added: 2 weeks ago,Houses_Property,30.177194,66.999425,11,Balochistan,360 Real Estate & Builders,Buy
Quetta,"Jinnah Town, Quetta",23000000,5,5,1260,House For Sale Jinnah Town Dream Land Villas,https://www.zameen.com/Property/quetta_jinnah_town_house_for_sale_jinnah_town_dream_land_villas-45789881-620-1.html,Added: 2 weeks ago,Houses_Property,30.219099,66.995695,28,Balochistan,360 Real Estate & Builders,Buy
Quetta,"A-One City, Quetta",120000000,10,6,7650,House For Sale A-One City Quetta,https://www.zameen.com/Property/quetta_a-one_city_house_for_sale_a-one_city_quetta-46101087-10216-1.html,Added: 2 weeks ago,Houses_Property,30.187561,66.971429,41,Balochistan,360 Real Estate & Builders,Buy
Quetta,"A-One City, Quetta",120000000,10,6,7650,House For Sale A-One City Quetta,,Added: 2 weeks ago,Houses_Property,30.187561,66.971429,41,Balochistan,360 Real Estate & Builders,Buy
Quetta,"Samungli Road, Quetta",40000000,11,6,2025,Flat For Sale In Lehri Gate,https://www.zameen.com/Property/quetta_samungli_road_flat_for_sale_in_lehri_gate-46181211-8035-1.html,Added: 2 weeks ago,Flats_Apartments,30.207195,67.009513,30,Balochistan,360 Real Estate & Builders,Buy
Quetta,"Shahbaz Town, Quetta",28000000,7,5,1080,House For Sale In Shahbaz Town Quetta,https://www.zameen.com/Property/quetta_shahbaz_town_house_for_sale_in_shahbaz_town_quetta-46498881-623-1.html,Added: 2 weeks ago,Houses_Property,30.211163,67.00153100000003,41,Balochistan,360 Real Estate & Builders,Buy
Quetta,"Bawrery Road, Quetta",30000000,7,6,1710,House For Sale in A1 City Phase 1,https://www.zameen.com/Property/quetta_bawrery_road_house_for_sale_in_a1_city_phase_1-46950633-7968-1.html,Added: 2 weeks ago,Houses_Property,30.190393,66.970239,35,Balochistan,360 Real Estate & Builders,Buy
Quetta,"Bawrery Road, Quetta",30000000,7,6,1710,House For Sale in A1 City Phase 1,,Added: 2 weeks ago,Houses_Property,30.190393,66.970239,35,Balochistan,360 Real Estate & Builders,Buy
Quetta,"Baloch Colony, Quetta",21000000,6,6,1552,House For Sale In Baloch Colony Quetta,https://www.zameen.com/Property/quetta_baloch_colony_house_for_sale_in_baloch_colony_quetta-47539955-1239-1.html,Added: 2 weeks ago,Houses_Property,30.207620999999985,66.993346,23,Balochistan,360 Real Estate & Builders,Buy
Quetta,"Baloch Colony, Quetta",21000000,6,6,1552,House For Sale In Baloch Colony Quetta,,Added: 2 weeks ago,Houses_Property,30.207620999999985,66.993346,23,Balochistan,360 Real Estate & Builders,Buy
Quetta,"Baloch Colony, Quetta",21000000,6,6,1552,House For Sale In Baloch Colony Quetta,,Added: 2 weeks ago,Houses_Property,30.207620999999985,66.993346,23,Balochistan,360 Real Estate & Builders,Buy
Quetta,"Baloch Colony, Quetta",21000000,6,6,1552,House For Sale In Baloch Colony Quetta,,Added: 2 weeks ago,Houses_Property,30.207620999999985,66.993346,23,Balochistan,360 Real Estate & Builders,Buy
Quetta,"Baloch Colony, Quetta",21000000,6,6,1552,House For Sale In Baloch Colony Quetta,,Added: 2 weeks ago,Houses_Property,30.207620999999985,66.993346,23,Balochistan,360 Real Estate & Builders,Buy
Quetta,"Baloch Colony, Quetta",21000000,6,6,1552,House For Sale In Baloch Colony Quetta,,Added: 2 weeks ago,Houses_Property,30.207620999999985,66.993346,23,Balochistan,360 Real Estate & Builders,Buy
Quetta,"Baloch Colony, Quetta",21000000,6,6,1552,House For Sale In Baloch Colony Quetta,,Added: 2 weeks ago,Houses_Property,30.207620999999985,66.993346,23,Balochistan,360 Real Estate & Builders,Buy
Quetta,"Baloch Colony, Quetta",21000000,6,6,1552,House For Sale In Baloch Colony Quetta,,Added: 2 weeks ago,Houses_Property,30.207620999999985,66.993346,23,Balochistan,360 Real Estate & Builders,Buy
Quetta,"Baloch Colony, Quetta",21000000,6,6,1552,House For Sale In Baloch Colony Quetta,,Added: 2 weeks ago,Houses_Property,30.207620999999985,66.993346,23,Balochistan,360 Real Estate & Builders,Buy
Quetta,"Baloch Colony, Quetta",21000000,6,6,1552,House For Sale In Baloch Colony Quetta,,Added: 2 weeks ago,Houses_Property,30.207620999999985,66.993346,23,Balochistan,360 Real Estate & Builders,Buy
Quetta,"Baloch Colony, Quetta",21000000,6,6,1552,House For Sale In Baloch Colony Quetta,,Added: 2 weeks ago,Houses_Property,30.207620999999985,66.993346,23,Balochistan,360 Real Estate & Builders,Buy
Quetta,"Baloch Colony, Quetta",21000000,6,6,1552,House For Sale In Baloch Colony Quetta,,Added: 2 weeks ago,Houses_Property,30.207620999999985,66.993346,23,Balochistan,360 Real Estate & Builders,Buy
Quetta,"Baloch Colony, Quetta",21000000,6,6,1552,House For Sale In Baloch Colony Quetta,,Added: 2 weeks ago,Houses_Property,30.207620999999985,66.993346,23,Balochistan,360 Real Estate & Builders,Buy
Quetta,"Baloch Colony, Quetta",21000000,6,6,1552,House For Sale In Baloch Colony Quetta,,Added: 2 weeks ago,Houses_Property,30.207620999999985,66.993346,23,Balochistan,360 Real Estate & Builders,Buy
Quetta,"Baloch Colony, Quetta",21000000,6,6,1552,House For Sale In Baloch Colony Quetta,,Added: 2 weeks ago,Houses_Property,30.207620999999985,66.993346,23,Balochistan,360 Real Estate & Builders,Buy
Quetta,"Baloch Colony, Quetta",21000000,6,6,1552,House For Sale In Baloch Colony Quetta,,Added: 2 weeks ago,Houses_Property,30.207620999999985,66.993346,23,Balochistan,360 Real Estate & Builders,Buy
Quetta,"Baloch Colony, Quetta",21000000,6,6,1552,House For Sale In Baloch Colony Quetta,,Added: 2 weeks ago,Houses_Property,30.207620999999985,66.993346,23,Balochistan,360 Real Estate & Builders,Buy
Quetta,"Spinny Road, Quetta",4000000,2,2,675,786 Center Flat's For Sale,https://www.zameen.com/Property/quetta_spinny_road_786_center_flat_s_for_sale-44845423-8045-1.html,Added: 2 weeks ago,Flats_Apartments,30.198108,66.967492,4,Balochistan,360 Real Estate & Builders,Buy
Quetta,"Toghi Road, Quetta",148500000,0,0,1710,House Available For sale In Toghi Road,https://www.zameen.com/Property/quetta_toghi_road_house_available_for_sale_in_toghi_road-47655535-8049-1.html,Added: 4 days ago,Houses_Property,30.195882,67.021701,0,Balochistan,Chiltan Estate & Marketing,Buy
Quetta,"Toghi Road, Quetta",148500000,0,0,1710,House Available For sale In Toghi Road,,Added: 4 days ago,Houses_Property,30.195882,67.021701,0,Balochistan,Chiltan Estate & Marketing,Buy
Quetta,"Spinny Road, Quetta",21500000,4,4,1080,Newly Constructed House For Sale At Jable Noor Housing Scheme,https://www.zameen.com/Property/quetta_spinny_road_newly_constructed_house_for_sale_at_jable_noor_housing_scheme-46644411-8045-1.html,Added: 2 weeks ago,Houses_Property,30.198108,66.967492,0,Balochistan,Ababil Real Estate Builders & Marketing,Buy
Quetta,"Mehmood Khan Kakar Town, Quetta",75000000,0,0,2700,FURNISHED HOUSE FOR SALE,https://www.zameen.com/Property/quetta_mehmood_khan_kakar_town_furnished_house_for_sale-47690722-8008-1.html,Added: 1 day ago,Houses_Property,30.111127,66.987147,0,Balochistan,Chiltan Estate & Marketing,Buy
Quetta,"Baleli Road, Quetta",10500000,0,0,3195,HOUSE AVAILABLE FOR SALE AT PHA HOUSING KUCHLAK,https://www.zameen.com/Property/quetta_baleli_road_house_available_for_sale_at_pha_housing_kuchlak-47655639-7965-1.html,Added: 4 days ago,Houses_Property,30.217542,67.013247,0,Balochistan,Chiltan Estate & Marketing,Buy
Quetta,"Baleli Road, Quetta",10500000,0,0,3195,HOUSE AVAILABLE FOR SALE AT PHA HOUSING KUCHLAK,,Added: 4 days ago,Houses_Property,30.217542,67.013247,0,Balochistan,Chiltan Estate & Marketing,Buy
Quetta,"Baleli Road, Quetta",10500000,0,0,3195,HOUSE AVAILABLE FOR SALE AT PHA HOUSING KUCHLAK,,Added: 4 days ago,Houses_Property,30.217542,67.013247,0,Balochistan,Chiltan Estate & Marketing,Buy
Quetta,"Baleli Road, Quetta",10500000,0,0,3195,HOUSE AVAILABLE FOR SALE AT PHA HOUSING KUCHLAK,,Added: 4 days ago,Houses_Property,30.217542,67.013247,0,Balochistan,Chiltan Estate & Marketing,Buy
Quetta,"Baleli Road, Quetta",10500000,0,0,3195,HOUSE AVAILABLE FOR SALE AT PHA HOUSING KUCHLAK,,Added: 4 days ago,Houses_Property,30.217542,67.013247,0,Balochistan,Chiltan Estate & Marketing,Buy
Quetta,"Baleli Road, Quetta",10500000,0,0,3195,HOUSE AVAILABLE FOR SALE AT PHA HOUSING KUCHLAK,,Added: 4 days ago,Houses_Property,30.217542,67.013247,0,Balochistan,Chiltan Estate & Marketing,Buy
Quetta,"Baleli Road, Quetta",10500000,0,0,3195,HOUSE AVAILABLE FOR SALE AT PHA HOUSING KUCHLAK,,Added: 4 days ago,Houses_Property,30.217542,67.013247,0,Balochistan,Chiltan Estate & Marketing,Buy
Quetta,"Baleli Road, Quetta",10500000,0,0,3195,HOUSE AVAILABLE FOR SALE AT PHA HOUSING KUCHLAK,,Added: 4 days ago,Houses_Property,30.217542,67.013247,0,Balochistan,Chiltan Estate & Marketing,Buy
Quetta,"Baleli Road, Quetta",10500000,0,0,3195,HOUSE AVAILABLE FOR SALE AT PHA HOUSING KUCHLAK,,Added: 4 days ago,Houses_Property,30.217542,67.013247,0,Balochistan,Chiltan Estate & Marketing,Buy
Quetta,"Baleli Road, Quetta",10500000,0,0,3195,HOUSE AVAILABLE FOR SALE AT PHA HOUSING KUCHLAK,,Added: 4 days ago,Houses_Property,30.217542,67.013247,0,Balochistan,Chiltan Estate & Marketing,Buy
Quetta,"Baleli Road, Quetta",10500000,0,0,3195,HOUSE AVAILABLE FOR SALE AT PHA HOUSING KUCHLAK,,Added: 4 days ago,Houses_Property,30.217542,67.013247,0,Balochistan,Chiltan Estate & Marketing,Buy
