city,location,price,bedrooms,baths,size,title,page_url,date_added,property_type,latitude,longitude,number_of_photos,province,agency,purpose
Sargodha,"PAF Road, Sargodha",38000000,6,6,1800,Brand New Bungalow For Sale,https://www.zameen.com/Property/sargodha_paf_road_brand_new_bungalow_for_sale-47341411-6177-1.html,Added: 3 weeks ago,Houses_Property,32.054135,72.679968,0,Punjab,Minhas Associates,Buy
Sargodha,"PAF Road, Sargodha",38000000,6,6,1800,Brand New Bungalow For Sale,,Added: 3 weeks ago,Houses_Property,32.054135,72.679968,0,Punjab,Minhas Associates,Buy
Sargodha,"PAF Road, Sargodha",38000000,6,6,1800,Brand New Bungalow For Sale,,Added: 3 weeks ago,Houses_Property,32.054135,72.679968,0,Punjab,Minhas Associates,Buy
Sargodha,"PAF Road, Sargodha",26000000,5,5,1125,On Main Paf Road House For Sale,https://www.zameen.com/Property/sargodha_paf_road_on_main_paf_road_house_for_sale-47358557-6177-1.html,Added: 3 weeks ago,Houses_Property,32.054135,72.679968,0,Punjab,Minhas Associates,Buy
Sargodha,"PAF Road, Sargodha",26000000,5,5,1125,On Main Paf Road House For Sale,,Added: 3 weeks ago,Houses_Property,32.054135,72.679968,0,Punjab,Minhas Associates,Buy
Sargodha,"Chak 39 NB, Sargodha",11000000,2,2,7200,32 Marla Mini Farm House With Mini Swimming Pool For Sale At Main Bypass Road,https://www.zameen.com/Property/sargodha_chak_39_nb_32_marla_mini_farm_house_with_mini_swimming_pool_for_sale_at_main_bypass_road-47608723-17509-1.html,Added: 3 days ago,Farm_Houses,32.121973,72.700299,13,Punjab,Al Tahir Estate Deal,Buy
Sargodha,"Others, Sargodha",14000000,4,5,1125,Stunning and affordable House available for sale in Others,https://www.zameen.com/Property/sargodha_others_stunning_and_affordable_house_available_for_sale_in_others-47667924-779-1.html,Added: 3 days ago,Houses_Property,32.0837,72.6719,24,Punjab,Al Shaheen Estate Deal,Buy
Sargodha,"Others, Sargodha",14000000,4,5,1125,Stunning and affordable House available for sale in Others,,Added: 3 days ago,Houses_Property,32.0837,72.6719,24,Punjab,Al Shaheen Estate Deal,Buy
Sargodha,"Others, Sargodha",9000000,4,4,900,Reserve A House Of 4 Marla Now In Others,https://www.zameen.com/Property/sargodha_others_reserve_a_house_of_4_marla_now_in_others-47667129-779-1.html,Added: 3 days ago,Houses_Property,32.0837,72.6719,11,Punjab,Al Shaheen Estate Deal,Buy
Sargodha,"Others, Sargodha",9000000,4,4,900,Reserve A House Of 4 Marla Now In Others,,Added: 3 days ago,Houses_Property,32.0837,72.6719,11,Punjab,Al Shaheen Estate Deal,Buy
Sargodha,"Sultan Colony, Sargodha",12000000,3,3,1125,5 Marla House Urgent Sale Sultan Colony,https://www.zameen.com/Property/sargodha_sultan_colony_5_marla_house_urgent_sale_sultan_colony-47595452-18540-1.html,Added: 1 week ago,Houses_Property,32.063743,72.69078,6,Punjab,Asset Associates,Buy
Sargodha,"New Satellite Town, Sargodha",35000000,5,5,2250,10 Marla House For Sale In X Block New Satellite Town Sargodha,https://www.zameen.com/Property/sargodha_new_satellite_town_10_marla_house_for_sale_in_x_block_new_satellite_town_sargodha-47578577-9725-1.html,Added: 1 week ago,Houses_Property,32.069515,72.706547,10,Punjab,,Buy
Sargodha,"New Satellite Town, Sargodha",35000000,5,5,2250,10 Marla House For Sale In X Block New Satellite Town Sargodha,,Added: 1 week ago,Houses_Property,32.069515,72.706547,10,Punjab,,Buy
Sargodha,"Khayaban-e-Shair, Sargodha",26500000,3,3,1350,6 Marla Double Storey House For Sale In Khayaban e Shair,https://www.zameen.com/Property/sargodha_khayaban-e-shair_6_marla_double_storey_house_for_sale_in_khayaban_e_shair-47496885-6164-1.html,Added: 2 weeks ago,Houses_Property,32.042568,72.69377200000002,15,Punjab,Al Tahir Estate Deal,Buy
Sargodha,"Khayaban-e-Shair, Sargodha",26500000,3,3,1350,6 Marla Double Storey House For Sale In Khayaban e Shair,,Added: 2 weeks ago,Houses_Property,32.042568,72.69377200000002,15,Punjab,Al Tahir Estate Deal,Buy
Sargodha,"Satellite Town, Sargodha",25000000,4,5,1125,5 Marla Double Storey House For Sale In D Block Old Sattilite Town.,https://www.zameen.com/Property/sargodha_satellite_town_5_marla_double_storey_house_for_sale_in_d_block_old_sattilite_town-46793461-1342-1.html,Added: 2 weeks ago,Houses_Property,32.261606,72.901043,5,Punjab,Al Tahir Estate Deal,Buy
Sargodha,"Khayaban-e-Shair, Sargodha",23000000,4,6,1395,6.25 Marla Double Storey House For Sale In Khayaban-e-shair,https://www.zameen.com/Property/sargodha_khayaban-e-shair_6_25_marla_double_storey_house_for_sale_in_khayaban-e-shair-46911075-6164-1.html,Added: 2 weeks ago,Houses_Property,32.042568,72.693772,15,Punjab,Al Tahir Estate Deal,Buy
Sargodha,"Gulshan-e-Madina, Lahore Road",10500000,4,4,1125,5 Marla Double Storey House For Sale In Gulshan-e-madina,https://www.zameen.com/Property/lahore_road_gulshan-e-madina_5_marla_double_storey_house_for_sale_in_gulshan-e-madina-47018632-12964-1.html,Added: 2 weeks ago,Houses_Property,32.054683,72.721485,16,Punjab,Al Tahir Estate Deal,Buy
Sargodha,"Gulshan-e-Madina, Lahore Road",10500000,4,4,1125,5 Marla Double Storey House For Sale In Gulshan-e-madina,,Added: 2 weeks ago,Houses_Property,32.054683,72.721485,16,Punjab,Al Tahir Estate Deal,Buy
Sargodha,"Sultan Colony, Sargodha",13000000,3,3,1125,Double Storey 3 Bed Old House For Sale,https://www.zameen.com/Property/sargodha_sultan_colony_double_storey_3_bed_old_house_for_sale-47603114-18540-1.html,Added: 1 week ago,Houses_Property,32.063743,72.69078,7,Punjab,Al Tahir Estate Deal,Buy
Sargodha,"Others, Sargodha",7500000,3,3,788,House For SALE,https://www.zameen.com/Property/sargodha_others_house_for_sale-47517894-779-1.html,Added: 2 weeks ago,Houses_Property,32.0837,72.6719,20,Punjab,Al Shaheen Estate Deal,Buy
Sargodha,"Asad Park Phase 2, Asad Park",7500000,3,3,788,3.5 Marla Double Storey House For Sale In Asad Park Phase 2 Near Khayaban E Naveed Faisalabad Road,https://www.zameen.com/Property/asad_park_asad_park_phase_2_3_5_marla_double_storey_house_for_sale_in_asad_park_phase_2_near_khayaban_e_naveed_faisalabad_road-46956437-14509-1.html,Added: 2 weeks ago,Houses_Property,32.03411256,72.70506261,8,Punjab,Al Tahir Estate Deal,Buy
Sargodha,"Gulberg City, Qainchi Mor",20000000,5,5,1238,5.5 Marla Brand New Double Storey Spanish Style House For Sale In Gulberg City,https://www.zameen.com/Property/qainchi_mor_gulberg_city_5_5_marla_brand_new_double_storey_spanish_style_house_for_sale_in_gulberg_city-46759923-11328-1.html,Added: 2 weeks ago,Houses_Property,32.069495,72.715878,5,Punjab,Al Tahir Estate Deal,Buy
Sargodha,"Shadaab Town, Queens Road",28000000,5,6,1125,New House Double Storey For Sale,https://www.zameen.com/Property/queens_road_shadaab_town_new_house_double_storey_for_sale-46807795-12931-1.html,Added: 2 weeks ago,Houses_Property,32.05756,72.686472,1,Punjab,Al Tahir Estate Deal,Buy
Sargodha,"Shadaab Town, Queens Road",28000000,5,6,1125,New House Double Storey For Sale,,Added: 2 weeks ago,Houses_Property,32.05756,72.686472,1,Punjab,Al Tahir Estate Deal,Buy
Sargodha,"Gulberg City, Qainchi Mor",8500000,3,3,788,3.5 Marla villa in Gulberg City.,https://www.zameen.com/Property/qainchi_mor_gulberg_city_3_5_marla_villa_in_gulberg_city-47069725-11328-1.html,Added: 2 weeks ago,Houses_Property,32.069495,72.715878,1,Punjab,Al Tahir Estate Deal,Buy
Sargodha,"New Satellite Town, Sargodha",15000000,3,4,1350,Beautiful Home with Complete high quality wooden work .,https://www.zameen.com/Property/sargodha_new_satellite_town_beautiful_home_with_complete_high_quality_wooden_work-47540437-9725-1.html,Added: 2 weeks ago,Houses_Property,32.069515,72.706547,18,Punjab,,Buy
Sargodha,"New Satellite Town, Sargodha",15000000,3,4,1350,Beautiful Home with Complete high quality wooden work .,,Added: 2 weeks ago,Houses_Property,32.069515,72.706547,18,Punjab,,Buy
Sargodha,"Waris Town, Sargodha",9000000,3,3,675,3 Marla Double Storey House For Sale In Waris Town Phase 2,https://www.zameen.com/Property/sargodha_waris_town_3_marla_double_storey_house_for_sale_in_waris_town_phase_2-47538923-1185-1.html,Added: 2 weeks ago,Houses_Property,32.03833,72.689406,9,Punjab,Al Tahir Estate Deal,Buy
Sargodha,"Waris Town, Sargodha",9000000,3,3,675,3 Marla Double Storey House For Sale In Waris Town Phase 2,https://www.zameen.com/Property/sargodha_waris_town_3_marla_double_storey_house_for_sale_in_waris_town_phase_2-47538886-1185-1.html,Added: 2 weeks ago,Houses_Property,32.03833,72.689406,21,Punjab,Al Tahir Estate Deal,Buy
Sargodha,"Khayaban-e-Naveed, Sargodha",13000000,4,5,945,4 Marla 37 Feet House Is Available For Sale In Khayaban-e-Naveed Sargodha,https://www.zameen.com/Property/sargodha_khayaban-e-naveed_4_marla_37_feet_house_is_available_for_sale_in_khayaban-e-naveed_sargodha-47423209-12398-1.html,Added: 2 weeks ago,Houses_Property,32.040132,72.713312,17,Punjab,Pakistan Property Center,Buy
Sargodha,"Khayaban-e-Naveed, Sargodha",13000000,4,5,945,4 Marla 37 Feet House Is Available For Sale In Khayaban-e-Naveed Sargodha,,Added: 2 weeks ago,Houses_Property,32.040132,72.713312,17,Punjab,Pakistan Property Center,Buy
Sargodha,"Khayaban-e-Naveed, Sargodha",11000000,3,0,788,3.5 Marla Corner House Is Available For Sale In Khayaban-e-Naveed Faisalabad Road Sargodha,https://www.zameen.com/Property/sargodha_khayaban-e-naveed_3_5_marla_corner_house_is_available_for_sale_in_khayaban-e-naveed_faisalabad_road_sargodha-47463026-12398-1.html,Added: 3 weeks ago,Houses_Property,32.040132,72.713312,17,Punjab,Invester Point Real Estate Deal,Buy
Sargodha,"Ideal Garden Housing Society, Sargodha",35000000,5,5,2250,Brand New House for Sale,https://www.zameen.com/Property/sargodha_ideal_garden_housing_society_brand_new_house_for_sale-47441279-12473-1.html,Added: 3 weeks ago,Houses_Property,32.016497,72.64321,6,Punjab,,Buy
Sargodha,"Al Fareed Garden, Sargodha",17500000,0,0,1125,Triple Story House,https://www.zameen.com/Property/sargodha_al_fareed_garden_triple_story_house-46938330-12598-1.html,Added: 4 weeks ago,Houses_Property,32.12156,72.695763,15,Punjab,AL Bakir pvt ltd,Buy
Sargodha,"Khayaban-e-Naveed, Sargodha",9500000,3,4,788,House For sale,https://www.zameen.com/Property/sargodha_khayaban-e-naveed_house_for_sale-47061556-12398-1.html,Added: 1 month ago,Houses_Property,32.04013200000001,72.713312,10,Punjab,Invester Point Real Estate Deal,Buy
Sargodha,"Khayaban-e-Naveed, Sargodha",9500000,3,4,788,House For sale,,Added: 1 month ago,Houses_Property,32.04013200000001,72.713312,10,Punjab,Invester Point Real Estate Deal,Buy
Sargodha,"Qartaba Town, Sargodha",28000000,3,3,2250,10 Marla House For Sale Qartaba Town,https://www.zameen.com/Property/sargodha_qartaba_town_10_marla_house_for_sale_qartaba_town-45962577-6178-1.html,Added: 3 days ago,Houses_Property,32.102426,72.707555,0,Punjab,Green Estate,Buy
Sargodha,"Qartaba Town, Sargodha",28000000,3,3,2250,10 Marla House For Sale Qartaba Town,,Added: 3 days ago,Houses_Property,32.102426,72.707555,0,Punjab,Green Estate,Buy
Sargodha,"Qartaba Town, Sargodha",28000000,3,3,2250,10 Marla House For Sale Qartaba Town,,Added: 3 days ago,Houses_Property,32.102426,72.707555,0,Punjab,Green Estate,Buy
Sargodha,"Nazeer Garden, Sargodha",27000000,5,5,1530,6.75 Marla Double Storey House For Sale In Nazeer Garden,https://www.zameen.com/Property/sargodha_nazeer_garden_6_75_marla_double_storey_house_for_sale_in_nazeer_garden-47496981-6175-1.html,Added: 1 week ago,Houses_Property,32.045915,72.694373,27,Punjab,Al Tahir Estate Deal,Buy
Sargodha,"Nazeer Garden, Sargodha",27000000,5,5,1530,6.75 Marla Double Storey House For Sale In Nazeer Garden,,Added: 1 week ago,Houses_Property,32.045915,72.694373,27,Punjab,Al Tahir Estate Deal,Buy
Sargodha,"Satellite Town, Sargodha",22000000,5,5,1125,5 Marla Double Storey Brand New House In C Block Satellite Town,https://www.zameen.com/Property/sargodha_satellite_town_5_marla_double_storey_brand_new_house_in_c_block_satellite_town-46683931-1342-1.html,Added: 2 weeks ago,Houses_Property,32.261606,72.901043,0,Punjab,Al Tahir Estate Deal,Buy
Sargodha,"Khayaban-e-Sadiq, Sargodha",33000000,5,5,2700,12 Marla Double Storey House For Sale In Khayaban-e- Sadiq,https://www.zameen.com/Property/sargodha_khayaban-e-sadiq_12_marla_double_storey_house_for_sale_in_khayaban-e-_sadiq-46683995-9774-1.html,Added: 2 weeks ago,Houses_Property,32.07402,72.691995,0,Punjab,Al Tahir Estate Deal,Buy
Sargodha,"Khayaban-e-Sadiq, Sargodha",33000000,5,5,2700,12 Marla Double Storey House For Sale In Khayaban-e- Sadiq,,Added: 2 weeks ago,Houses_Property,32.07402,72.691995,0,Punjab,Al Tahir Estate Deal,Buy
Sargodha,"Khayaban-e-Shair, Sargodha",25000000,5,5,1350,6 Marla Double Storey House For Sale In Khayaban-e-shair,https://www.zameen.com/Property/sargodha_khayaban-e-shair_6_marla_double_storey_house_for_sale_in_khayaban-e-shair-46684250-6164-1.html,Added: 2 weeks ago,Houses_Property,32.042568,72.693772,0,Punjab,Al Tahir Estate Deal,Buy
Sargodha,"Khayaban-e-Shair, Sargodha",25000000,5,5,1350,6 Marla Double Storey House For Sale In Khayaban-e-shair,,Added: 2 weeks ago,Houses_Property,32.042568,72.693772,0,Punjab,Al Tahir Estate Deal,Buy
Sargodha,"Khayaban-e-Sadiq, Sargodha",45000000,6,6,2700,12 Marla Brand New Double Storey House For Sale In Khayaban-e-sadiq,https://www.zameen.com/Property/sargodha_khayaban-e-sadiq_12_marla_brand_new_double_storey_house_for_sale_in_khayaban-e-sadiq-46739210-9774-1.html,Added: 2 weeks ago,Houses_Property,32.07402,72.691995,0,Punjab,Al Tahir Estate Deal,Buy
Sargodha,"Nazeer Garden, Sargodha",32000000,5,5,1575,7 Marla Double Storey House For Sale In Nazeer Garden,https://www.zameen.com/Property/sargodha_nazeer_garden_7_marla_double_storey_house_for_sale_in_nazeer_garden-47495927-6175-1.html,Added: 2 weeks ago,Houses_Property,32.045915,72.694373,26,Punjab,Al Tahir Estate Deal,Buy
Sargodha,"Nazeer Garden, Sargodha",32000000,5,5,1575,7 Marla Double Storey House For Sale In Nazeer Garden,,Added: 2 weeks ago,Houses_Property,32.045915,72.694373,26,Punjab,Al Tahir Estate Deal,Buy
Sargodha,"Khayaban-e-Sadiq, Sargodha",50000000,5,5,4050,18 Marla House For Sale Main Road Khayaban-e-sadiq,https://www.zameen.com/Property/sargodha_khayaban-e-sadiq_18_marla_house_for_sale_main_road_khayaban-e-sadiq-46683544-9774-1.html,Added: 2 weeks ago,Houses_Property,32.07402,72.691995,0,Punjab,Al Tahir Estate Deal,Buy
Sargodha,"Khayaban-e-Sadiq, Sargodha",50000000,5,5,4050,18 Marla House For Sale Main Road Khayaban-e-sadiq,,Added: 2 weeks ago,Houses_Property,32.07402,72.691995,0,Punjab,Al Tahir Estate Deal,Buy
Sargodha,"Khayaban-e-Sadiq, Sargodha",28000000,4,4,2250,10 Marla Double Storey House For Sale In Khayaban-e-sadiq Phase 1,https://www.zameen.com/Property/sargodha_khayaban-e-sadiq_10_marla_double_storey_house_for_sale_in_khayaban-e-sadiq_phase_1-46756073-9774-1.html,Added: 2 weeks ago,Houses_Property,32.07402,72.691995,0,Punjab,Al Tahir Estate Deal,Buy
Sargodha,"Farooq Colony, Sargodha",29500000,6,6,2138,9.5 Marla Double Storey House For Sale In Khayaban-e-asad,https://www.zameen.com/Property/sargodha_farooq_colony_9_5_marla_double_storey_house_for_sale_in_khayaban-e-asad-46756122-6152-1.html,Added: 2 weeks ago,Houses_Property,32.071011,72.689667,0,Punjab,Al Tahir Estate Deal,Buy
Sargodha,"Khayaban-e-Naveed, Sargodha",12500000,4,5,1012,House For sale,https://www.zameen.com/Property/sargodha_khayaban-e-naveed_house_for_sale-47498196-12398-1.html,Added: 2 weeks ago,Houses_Property,32.040132,72.713312,10,Punjab,Invester Point Real Estate Deal,Buy
Sargodha,"Khayaban-e-Naveed, Sargodha",12500000,4,5,1012,House For sale,,Added: 2 weeks ago,Houses_Property,32.040132,72.713312,10,Punjab,Invester Point Real Estate Deal,Buy
Sargodha,"Khayaban-e-Shair, Sargodha",28500000,4,5,1575,Luxury House For Sale,https://www.zameen.com/Property/sargodha_khayaban-e-shair_luxury_house_for_sale-47187860-6164-1.html,Added: 1 month ago,Houses_Property,32.0426,72.6938,19,Punjab,Invester Point Real Estate Deal,Buy
Sargodha,"Others, Sargodha",7700000,3,3,788,House For SALE,https://www.zameen.com/Property/sargodha_others_house_for_sale-47169620-779-1.html,Added: 1 month ago,Houses_Property,32.0837,72.6719,35,Punjab,Al Shaheen Estate Deal,Buy
Sargodha,"Gulberg City, Qainchi Mor",8500000,3,3,788,House For Sale Gull_Bark city sargodha,https://www.zameen.com/Property/qainchi_mor_gulberg_city_house_for_sale_gull_bark_city_sargodha-47001950-11328-1.html,Added: 2 months ago,Houses_Property,32.069495,72.715878,22,Punjab,Al Shaheen Estate Deal,Buy
Sargodha,"Sargodha to Sillanwali Road, Sargodha",5000000,2,1,900,4 marla house single story for sale old raza garden,https://www.zameen.com/Property/sargodha_sargodha_to_sillanwali_road_4_marla_house_single_story_for_sale_old_raza_garden-47595456-6182-1.html,Added: 1 week ago,Houses_Property,32.07672,72.651515,1,Punjab,Asset Associates,Buy
Sargodha,"Sargodha to Sillanwali Road, Sargodha",5000000,2,1,900,4 marla house single story for sale old raza garden,,Added: 1 week ago,Houses_Property,32.07672,72.651515,1,Punjab,Asset Associates,Buy
Sargodha,"Sargodha to Sillanwali Road, Sargodha",5000000,2,1,900,4 marla house single story for sale old raza garden,,Added: 1 week ago,Houses_Property,32.07672,72.651515,1,Punjab,Asset Associates,Buy
Sargodha,"Sargodha to Sillanwali Road, Sargodha",5000000,2,1,900,4 marla house single story for sale old raza garden,,Added: 1 week ago,Houses_Property,32.07672,72.651515,1,Punjab,Asset Associates,Buy
Sargodha,"Sargodha to Sillanwali Road, Sargodha",5000000,2,1,900,4 marla house single story for sale old raza garden,,Added: 1 week ago,Houses_Property,32.07672,72.651515,1,Punjab,Asset Associates,Buy
Sargodha,"Sargodha to Sillanwali Road, Sargodha",5000000,2,1,900,4 marla house single story for sale old raza garden,,Added: 1 week ago,Houses_Property,32.07672,72.651515,1,Punjab,Asset Associates,Buy
Sargodha,"Sargodha to Sillanwali Road, Sargodha",5000000,2,1,900,4 marla house single story for sale old raza garden,,Added: 1 week ago,Houses_Property,32.07672,72.651515,1,Punjab,Asset Associates,Buy
Sargodha,"Mall Of Sargodha, Sargodha Bypass",12500000,3,0,1035,1040 Square Feet Flat Is Available For Sale In Mall Of Sargodha,https://www.zameen.com/Property/sargodha_bypass_mall_of_sargodha_1040_square_feet_flat_is_available_for_sale_in_mall_of_sargodha-47476636-11340-1.html,Added: 2 weeks ago,Flats_Apartments,32.070305,72.681454,0,Punjab,Apni Dharti,Buy
Sargodha,"Mall Of Sargodha, Sargodha Bypass",12000000,2,0,1012,1004 Square Feet Flat Is Available For Sale In Mall Of Sargodha,https://www.zameen.com/Property/sargodha_bypass_mall_of_sargodha_1004_square_feet_flat_is_available_for_sale_in_mall_of_sargodha-47476542-11340-1.html,Added: 2 weeks ago,Flats_Apartments,32.070305,72.681454,0,Punjab,Apni Dharti,Buy
Sargodha,"Mall Of Sargodha, Sargodha Bypass",12000000,2,0,1012,1004 Square Feet Flat Is Available For Sale In Mall Of Sargodha,,Added: 2 weeks ago,Flats_Apartments,32.070305,72.681454,0,Punjab,Apni Dharti,Buy
Sargodha,"Mall Of Sargodha, Sargodha Bypass",7020000,1,0,518,520 Square Feet Flat Is Available For Sale In Mall Of Sargodha,https://www.zameen.com/Property/sargodha_bypass_mall_of_sargodha_520_square_feet_flat_is_available_for_sale_in_mall_of_sargodha-47476401-11340-1.html,Added: 2 weeks ago,Flats_Apartments,32.070305,72.681454,0,Punjab,Apni Dharti,Buy
Sargodha,"Satellite Town, Sargodha",42500000,6,6,2250,10 Marla Double Storey House For Sale In Satellite Town A Block,https://www.zameen.com/Property/sargodha_satellite_town_10_marla_double_storey_house_for_sale_in_satellite_town_a_block-47251646-1342-1.html,Added: 1 month ago,Houses_Property,32.261606,72.901043,0,Punjab,Al Tahir Estate Deal,Buy
Sargodha,"Qartaba Town, Sargodha",110000000,0,0,6750,30 Marla Double Storey Bungalow Is Available For Sale In Qartaba Town Sargodha,https://www.zameen.com/Property/sargodha_qartaba_town_30_marla_double_storey_bungalow_is_available_for_sale_in_qartaba_town_sargodha-47666644-6178-1.html,Added: 3 days ago,Houses_Property,32.102426,72.707555,0,Punjab,Property Investment Park,Buy
Sargodha,"Mall Of Sargodha, Sargodha Bypass",4466000,0,0,315,308 Square Feet Studio Apartment Is Available For Sale In Mall Of Sargodha,https://www.zameen.com/Property/sargodha_bypass_mall_of_sargodha_308_square_feet_studio_apartment_is_available_for_sale_in_mall_of_sargodha-47476661-11340-1.html,Added: 2 weeks ago,Flats_Apartments,32.070305,72.681454,0,Punjab,Apni Dharti,Buy
Sargodha,"Mall Of Sargodha, Sargodha Bypass",4466000,0,0,315,308 Square Feet Studio Apartment Is Available For Sale In Mall Of Sargodha,,Added: 2 weeks ago,Flats_Apartments,32.070305,72.681454,0,Punjab,Apni Dharti,Buy
Sargodha,"Khayaban-e-Naveed, Sargodha",17500000,5,5,1238,Spanish House For sale,https://www.zameen.com/Property/sargodha_khayaban-e-naveed_spanish_house_for_sale-47123413-12398-1.html,Added: 1 month ago,Houses_Property,32.04013200000001,72.713312,0,Punjab,Invester Point Real Estate Deal,Buy
Sargodha,"Khayaban-e-Naveed, Sargodha",17500000,5,5,1238,Spanish House For sale,,Added: 1 month ago,Houses_Property,32.04013200000001,72.713312,0,Punjab,Invester Point Real Estate Deal,Buy
Sargodha,"Khayaban-e-Naveed, Sargodha",17500000,5,5,1238,Spanish House For sale,,Added: 1 month ago,Houses_Property,32.04013200000001,72.713312,0,Punjab,Invester Point Real Estate Deal,Buy
Sargodha,"Javed Colony, Sargodha",11000000,3,3,900,Brand New Double Storey House For Sale,https://www.zameen.com/Property/sargodha_javed_colony_brand_new_double_storey_house_for_sale-43071530-6160-1.html,Added: 3 months ago,Houses_Property,32.030708,72.692399,18,Punjab,Shaheen Builders & Land Developers,Buy
Sargodha,"Javed Colony, Sargodha",11000000,3,3,900,Brand New Double Storey House For Sale,,Added: 3 months ago,Houses_Property,32.030708,72.692399,18,Punjab,Shaheen Builders & Land Developers,Buy
Sargodha,"Javed Colony, Sargodha",11000000,3,3,900,Brand New Double Storey House For Sale,,Added: 3 months ago,Houses_Property,32.030708,72.692399,18,Punjab,Shaheen Builders & Land Developers,Buy
Sargodha,"Javed Colony, Sargodha",11000000,3,3,900,Brand New Double Storey House For Sale,,Added: 3 months ago,Houses_Property,32.030708,72.692399,18,Punjab,Shaheen Builders & Land Developers,Buy
Sargodha,"Javed Colony, Sargodha",11000000,3,3,900,Brand New Double Storey House For Sale,,Added: 3 months ago,Houses_Property,32.030708,72.692399,18,Punjab,Shaheen Builders & Land Developers,Buy
Sargodha,"Javed Colony, Sargodha",11000000,3,3,900,Brand New Double Storey House For Sale,,Added: 3 months ago,Houses_Property,32.030708,72.692399,18,Punjab,Shaheen Builders & Land Developers,Buy
Sargodha,"Javed Colony, Sargodha",11000000,3,3,900,Brand New Double Storey House For Sale,,Added: 3 months ago,Houses_Property,32.030708,72.692399,18,Punjab,Shaheen Builders & Land Developers,Buy
Sargodha,"Javed Colony, Sargodha",11000000,3,3,900,Brand New Double Storey House For Sale,,Added: 3 months ago,Houses_Property,32.030708,72.692399,18,Punjab,Shaheen Builders & Land Developers,Buy
Sargodha,"Javed Colony, Sargodha",11000000,3,3,900,Brand New Double Storey House For Sale,,Added: 3 months ago,Houses_Property,32.030708,72.692399,18,Punjab,Shaheen Builders & Land Developers,Buy
Sargodha,"Javed Colony, Sargodha",11000000,3,3,900,Brand New Double Storey House For Sale,,Added: 3 months ago,Houses_Property,32.030708,72.692399,18,Punjab,Shaheen Builders & Land Developers,Buy
