city,location,price,bedrooms,baths,size,title,page_url,date_added,property_type,latitude,longitude,number_of_photos,province,agency,purpose
Sheikhupura,"Shaheen Villas, Sheikhupura",13000000,5,5,1125,5 Marla Double Storey House For Sale Shaheen Villas Phase 2 Block H On Ideal Location,https://www.zameen.com/Property/sheikhupura_shaheen_villas_5_marla_double_storey_house_for_sale_shaheen_villas_phase_2_block_h_on_ideal_location-46686298-9801-1.html,Added: 4 weeks ago,Houses_Property,31.673399,73.972116,5,Punjab,ATE Marketing,Buy
Sheikhupura,"Shaheen Villas, Sheikhupura",13000000,5,5,1125,5 Marla Double Storey House For Sale Shaheen Villas Phase 2 Block H On Ideal Location,,Added: 4 weeks ago,Houses_Property,31.673399,73.972116,5,Punjab,ATE Marketing,Buy
Sheikhupura,"Shaheen Villas, Sheikhupura",13000000,5,5,1125,5 Marla Double Storey House For Sale Shaheen Villas Phase 2 Block H On Ideal Location,,Added: 4 weeks ago,Houses_Property,31.673399,73.972116,5,Punjab,ATE Marketing,Buy
Sheikhupura,"Shaheen Villas, Sheikhupura",9000000,6,6,1125,5 Marla Double Storey House For Sale,https://www.zameen.com/Property/sheikhupura_shaheen_villas_5_marla_double_storey_house_for_sale-42396199-9801-1.html,Added: 4 weeks ago,Houses_Property,31.673399,73.972116,7,Punjab,ATE Marketing,Buy
Sheikhupura,"Shaheen Villas, Sheikhupura",9000000,6,6,1125,5 Marla Double Storey House For Sale,,Added: 4 weeks ago,Houses_Property,31.673399,73.972116,7,Punjab,ATE Marketing,Buy
Sheikhupura,"Shaheen Villas, Sheikhupura",8500000,5,3,1125,5 Marla House Is Available In Shaheen Villas For Sale,https://www.zameen.com/Property/sheikhupura_shaheen_villas_5_marla_house_is_available_in_shaheen_villas_for_sale-46348352-9801-1.html,Added: 4 weeks ago,Houses_Property,31.673399,73.972116,6,Punjab,ATE Marketing,Buy
Sheikhupura,"Shaheen Villas, Sheikhupura",11500000,6,4,1125,5 Marla Beautiful Double Storey House For Sale,https://www.zameen.com/Property/sheikhupura_shaheen_villas_5_marla_beautiful_double_storey_house_for_sale-45509840-9801-1.html,Added: 4 weeks ago,Houses_Property,31.673399,73.972116,8,Punjab,ATE Marketing,Buy
Sheikhupura,"Shaheen Villas, Sheikhupura",30000000,8,6,2250,Brand New 10 Marla Double Storey House,https://www.zameen.com/Property/sheikhupura_shaheen_villas_brand_new_10_marla_double_storey_house-45652758-9801-1.html,Added: 4 weeks ago,Houses_Property,31.673399,73.972116,9,Punjab,ATE Marketing,Buy
Sheikhupura,"Shaheen Villas, Sheikhupura",30000000,8,6,2250,Brand New 10 Marla Double Storey House,,Added: 4 weeks ago,Houses_Property,31.673399,73.972116,9,Punjab,ATE Marketing,Buy
Sheikhupura,"Shaheen Villas, Sheikhupura",30000000,8,6,2250,Brand New Corner 10 Marla Beautiful House For Sale,https://www.zameen.com/Property/sheikhupura_shaheen_villas_brand_new_corner_10_marla_beautiful_house_for_sale-45533685-9801-1.html,Added: 4 weeks ago,Houses_Property,31.673399,73.972116,11,Punjab,ATE Marketing,Buy
Sheikhupura,"Regal City, Sheikhupura",9500000,3,4,1125,5 Marla Corner Double Story Fully Furnished House For Sale- Regal City-Sheikhupura.,https://www.zameen.com/Property/sheikhupura_regal_city_5_marla_corner_double_story_fully_furnished_house_for_sale-_regal_city-sheikhupura-45414213-15062-1.html,Added: 4 weeks ago,Houses_Property,31.675447,73.986327,15,Punjab,Al Madina Property Centre,Buy
Sheikhupura,"Regal City, Sheikhupura",9500000,3,4,1125,5 Marla Corner Double Story Fully Furnished House For Sale- Regal City-Sheikhupura.,,Added: 4 weeks ago,Houses_Property,31.675447,73.986327,15,Punjab,Al Madina Property Centre,Buy
Sheikhupura,"Shaheen Villas Phase 3 - Overseas Block, Shaheen Villas",9000000,0,0,1125,05 Marla House In Shahen Villas,https://www.zameen.com/Property/shaheen_villas_shaheen_villas_phase_3_-_overseas_block_05_marla_house_in_shahen_villas-41622876-20229-1.html,Added: 3 days ago,Houses_Property,31.670222,73.962875,2,Punjab,Shaheen Villas,Buy
Sheikhupura,"Shaheen Villas Phase 3 - Overseas Block, Shaheen Villas",12000000,0,0,2250,You Can Find A Gorgeous House For Sale In Shaheen Villas Phase 3 - Overseas Block,https://www.zameen.com/Property/shaheen_villas_shaheen_villas_phase_3_-_overseas_block_you_can_find_a_gorgeous_house_for_sale_in_shaheen_villas_phase_3_-_overseas_block-41136960-20229-1.html,Added: 2 weeks ago,Houses_Property,31.670222,73.962875,1,Punjab,Shaheen Villas,Buy
Sheikhupura,"Shaheen Villas Phase 3 - Overseas Block, Shaheen Villas",12000000,0,0,2250,You Can Find A Gorgeous House For Sale In Shaheen Villas Phase 3 - Overseas Block,,Added: 2 weeks ago,Houses_Property,31.670222,73.962875,1,Punjab,Shaheen Villas,Buy
Sheikhupura,"Shaheen City - Phase 1, Sheikhupura",14500000,0,0,3150,Spacious 3150 Square Feet House Available For Sale In Shaheen City - Phase 1,https://www.zameen.com/Property/sheikhupura_shaheen_city_-_phase_1_spacious_3150_square_feet_house_available_for_sale_in_shaheen_city_-_phase_1-41137020-9807-1.html,Added: 4 weeks ago,Houses_Property,31.703946,74.014908,1,Punjab,Shaheen Villas,Buy
Sheikhupura,"Shaheen City - Phase 1, Sheikhupura",13500000,0,0,1125,5 Marla House for Sale,https://www.zameen.com/Property/sheikhupura_shaheen_city_-_phase_1_5_marla_house_for_sale-47561870-9807-1.html,Added: 2 weeks ago,Houses_Property,31.703946,74.014908,1,Punjab,Shaheen Estate Advisor,Buy
Sheikhupura,"Shaheen City - Phase 1, Sheikhupura",13500000,0,0,1125,5 Marla House for Sale,,Added: 2 weeks ago,Houses_Property,31.703946,74.014908,1,Punjab,Shaheen Estate Advisor,Buy
Sheikhupura,"New Civil Lines, Sheikhupura",45000000,0,0,4500,House available for sale in civil line,https://www.zameen.com/Property/sheikhupura_new_civil_lines_house_available_for_sale_in_civil_line-47560548-6228-1.html,Added: 2 weeks ago,Houses_Property,31.718092,73.948796,1,Punjab,Shaheen Estate Advisor,Buy
Sheikhupura,"Sheraz Garden, Sheikhupura",12500000,0,0,1125,5 Marla House Available For Sale,https://www.zameen.com/Property/sheikhupura_sheraz_garden_5_marla_house_available_for_sale-47410820-9805-1.html,Added: 1 week ago,Houses_Property,31.709787,74.011438,0,Punjab,Shaheen Estate Advisor,Buy
Sheikhupura,"Shaheen City - Phase 1, Sheikhupura",8500000,0,0,2250,10 Marla House For Sale,https://www.zameen.com/Property/sheikhupura_shaheen_city_-_phase_1_10_marla_house_for_sale-41137359-9807-1.html,Added: 2 weeks ago,Houses_Property,31.703946,74.014908,0,Punjab,Shaheen Villas,Buy
Sheikhupura,"Shaheen City - Phase 1, Sheikhupura",8500000,0,0,2250,10 Marla House For Sale,,Added: 2 weeks ago,Houses_Property,31.703946,74.014908,0,Punjab,Shaheen Villas,Buy
Sheikhupura,"Lahore Road, Sheikhupura",9000000,4,4,1125,5 Marla Double Storey House Is Available For Sale,https://www.zameen.com/Property/sheikhupura_lahore_road_5_marla_double_storey_house_is_available_for_sale-36849927-6216-1.html,Added: 4 weeks ago,Houses_Property,31.710079,73.999872,0,Punjab,ATE Marketing,Buy
Sheikhupura,"Shaheen Villas Phase 3 - Overseas Block, Shaheen Villas",3000000,0,0,675,Shaheen Villas Phase 3 - Overseas Block House Sized 675 Square Feet For Sale,https://www.zameen.com/Property/shaheen_villas_shaheen_villas_phase_3_-_overseas_block_shaheen_villas_phase_3_-_overseas_block_house_sized_675_square_feet_for_sale-41136858-20229-1.html,Added: 4 weeks ago,Houses_Property,31.670222,73.962875,0,Punjab,Shaheen Villas,Buy
Sheikhupura,"Shaheen Villas, Sheikhupura",12500000,5,4,1125,5 Marla Double Storey House For Sale Shaheen Villas Phase 2 Block H On Ideal Location,https://www.zameen.com/Property/sheikhupura_shaheen_villas_5_marla_double_storey_house_for_sale_shaheen_villas_phase_2_block_h_on_ideal_location-46686314-9801-1.html,Added: 3 days ago,Houses_Property,31.673399,73.972116,6,Punjab,ATE Marketing,Buy
Sheikhupura,"Shaheen Villas, Sheikhupura",29000000,8,6,2250,10 Marla Brand New Double Storey House For Sale,https://www.zameen.com/Property/sheikhupura_shaheen_villas_10_marla_brand_new_double_storey_house_for_sale-46305380-9801-1.html,Added: 3 days ago,Houses_Property,31.673399,73.972116,6,Punjab,"Amir Rasool Chaudhry,",Buy
Sheikhupura,"Shaheen Villas, Sheikhupura",11500000,4,5,1125,5 Marla Brand New Double Storey House For Sale,https://www.zameen.com/Property/sheikhupura_shaheen_villas_5_marla_brand_new_double_storey_house_for_sale-46306589-9801-1.html,Added: 3 days ago,Houses_Property,31.673399,73.972116,18,Punjab,"Amir Rasool Chaudhry,",Buy
Sheikhupura,"Shaheen Villas, Sheikhupura",11500000,4,5,1125,5 Marla Brand New Double Storey House For Sale,,Added: 3 days ago,Houses_Property,31.673399,73.972116,18,Punjab,"Amir Rasool Chaudhry,",Buy
Sheikhupura,"Khan Colony, Sheikhupura",14000000,5,5,1170,Brand New 5.25 Marla Double storey House for Sale,https://www.zameen.com/Property/sheikhupura_khan_colony_brand_new_5_25_marla_double_storey_house_for_sale-46600474-6212-1.html,Added: 3 days ago,Houses_Property,31.69845,74.019485,22,Punjab,"Amir Rasool Chaudhry,",Buy
Sheikhupura,"Shaheen Villas, Sheikhupura",12000000,6,5,1125,5 Marla Double Storey House For Sale,https://www.zameen.com/Property/sheikhupura_shaheen_villas_5_marla_double_storey_house_for_sale-46358402-9801-1.html,Added: 3 days ago,Houses_Property,31.673399,73.972116,7,Punjab,"Amir Rasool Chaudhry,",Buy
Sheikhupura,"Shaheen Villas, Sheikhupura",12000000,6,5,1125,5 Marla Double Storey House For Sale,,Added: 3 days ago,Houses_Property,31.673399,73.972116,7,Punjab,"Amir Rasool Chaudhry,",Buy
Sheikhupura,"Shaheen Villas, Sheikhupura",13000000,5,4,1125,5 Marla Double Storey House For Sale,https://www.zameen.com/Property/sheikhupura_shaheen_villas_5_marla_double_storey_house_for_sale-46359062-9801-1.html,Added: 3 days ago,Houses_Property,31.673399,73.972116,15,Punjab,"Amir Rasool Chaudhry,",Buy
Sheikhupura,"Sun City, Sheikhupura",21000000,5,6,1575,7 Marla Brand New Double Storey House For Sale,https://www.zameen.com/Property/sheikhupura_sun_city_7_marla_brand_new_double_storey_house_for_sale-46366980-6242-1.html,Added: 3 days ago,Houses_Property,31.731598,73.956399,13,Punjab,"Amir Rasool Chaudhry,",Buy
Sheikhupura,"Alif Town, Sheikhupura",7000000,3,4,675,3 Marla Double storey House for sale,https://www.zameen.com/Property/sheikhupura_alif_town_3_marla_double_storey_house_for_sale-47599667-9797-1.html,Added: 1 week ago,Houses_Property,31.70029,74.019061,9,Punjab,,Buy
Sheikhupura,"Alif Town, Sheikhupura",7000000,3,4,675,3 Marla Double storey House for sale,,Added: 1 week ago,Houses_Property,31.70029,74.019061,9,Punjab,,Buy
Sheikhupura,"Sheraz Garden, Sheikhupura",7000000,2,3,1125,5 Marla Single Storey House For Sale,https://www.zameen.com/Property/sheikhupura_sheraz_garden_5_marla_single_storey_house_for_sale-46488500-9805-1.html,Added: 3 days ago,Houses_Property,31.709787,74.011438,4,Punjab,"Amir Rasool Chaudhry,",Buy
Sheikhupura,"Sheraz Garden, Sheikhupura",7000000,2,3,1125,5 Marla Single Storey House For Sale,,Added: 3 days ago,Houses_Property,31.709787,74.011438,4,Punjab,"Amir Rasool Chaudhry,",Buy
Sheikhupura,"Shaheen Villas, Sheikhupura",13000000,5,5,1125,5 Marla Double storey house for sale Shaheen Villas Phase 2 Block H on ideal location,https://www.zameen.com/Property/sheikhupura_shaheen_villas_5_marla_double_storey_house_for_sale_shaheen_villas_phase_2_block_h_on_ideal_location-47583901-9801-1.html,Added: 3 days ago,Houses_Property,31.673399,73.972116,5,Punjab,ATE Marketing,Buy
Sheikhupura,"Shaheen Villas, Sheikhupura",13000000,5,5,1125,5 Marla Double storey house for sale Shaheen Villas Phase 2 Block H on ideal location,,Added: 3 days ago,Houses_Property,31.673399,73.972116,5,Punjab,ATE Marketing,Buy
Sheikhupura,"Shaheen Villas, Sheikhupura",13000000,5,5,1125,5 Marla Double storey house for sale Shaheen Villas Phase 2 Block H on ideal location,,Added: 3 days ago,Houses_Property,31.673399,73.972116,5,Punjab,ATE Marketing,Buy
Sheikhupura,"Shaheen Villas, Sheikhupura",13000000,5,4,1125,5 Marla brand new double storey House,https://www.zameen.com/Property/sheikhupura_shaheen_villas_5_marla_brand_new_double_storey_house-46291640-9801-1.html,Added: 3 days ago,Houses_Property,31.673399,73.972116,0,Punjab,"Amir Rasool Chaudhry,",Buy
Sheikhupura,"Shaheen Villas, Sheikhupura",13000000,5,4,1125,5 Marla brand new double storey House,,Added: 3 days ago,Houses_Property,31.673399,73.972116,0,Punjab,"Amir Rasool Chaudhry,",Buy
Sheikhupura,"Shaheen Villas, Sheikhupura",11500000,6,5,1125,5 Marla beautiful Double storey House for Sale,https://www.zameen.com/Property/sheikhupura_shaheen_villas_5_marla_beautiful_double_storey_house_for_sale-46291740-9801-1.html,Added: 3 days ago,Houses_Property,31.673399,73.972116,0,Punjab,"Amir Rasool Chaudhry,",Buy
Sheikhupura,"Alif Town, Sheikhupura",9500000,3,3,900,House For sale In Alif Town Alif Town,https://www.zameen.com/Property/sheikhupura_alif_town_house_for_sale_in_alif_town_alif_town-47618621-9797-1.html,Added: 2 days ago,Houses_Property,31.70029,74.019061,0,Punjab,Rajput Real Estate & Builders,Buy
Sheikhupura,"Housing Colony, Sheikhupura",11000000,4,4,900,Housing Colony House Sized 4 Marla,https://www.zameen.com/Property/sheikhupura_housing_colony_housing_colony_house_sized_4_marla-47618623-1318-1.html,Added: 2 days ago,Houses_Property,31.707213,74.022696,0,Punjab,Rajput Real Estate & Builders,Buy
Sheikhupura,"Housing Colony, Sheikhupura",11000000,4,4,900,Housing Colony House Sized 4 Marla,,Added: 2 days ago,Houses_Property,31.707213,74.022696,0,Punjab,Rajput Real Estate & Builders,Buy
Sheikhupura,"Sheraz Garden, Sheikhupura",10000000,4,6,1125,House Available For Sale,https://www.zameen.com/Property/sheikhupura_sheraz_garden_house_available_for_sale-36598703-9805-1.html,Added: 3 days ago,Houses_Property,31.709787,74.011438,0,Punjab,Shaheen Estate Advisor,Buy
Sheikhupura,"Nabipura, Sheikhupura",7000000,4,3,900,This Is Your Chance To Buy House In Nabipura,https://www.zameen.com/Property/sheikhupura_nabipura_this_is_your_chance_to_buy_house_in_nabipura-41152348-6227-1.html,Added: 3 days ago,Houses_Property,31.7198,73.9529,0,Punjab,Shaheen Estate Advisor,Buy
Sheikhupura,"Nabipura, Sheikhupura",7000000,4,3,900,This Is Your Chance To Buy House In Nabipura,,Added: 3 days ago,Houses_Property,31.7198,73.9529,0,Punjab,Shaheen Estate Advisor,Buy
Sheikhupura,"Shaheen Villas, Sheikhupura",13000000,5,4,1125,5 Marla Brand new double storey House for Sale,https://www.zameen.com/Property/sheikhupura_shaheen_villas_5_marla_brand_new_double_storey_house_for_sale-46305256-9801-1.html,Added: 3 days ago,Houses_Property,31.673399,73.972116,0,Punjab,"Amir Rasool Chaudhry,",Buy
Sheikhupura,"Shaheen Villas, Sheikhupura",26000000,5,6,2250,10 Marla Double Storey Beautiful House For Sale,https://www.zameen.com/Property/sheikhupura_shaheen_villas_10_marla_double_storey_beautiful_house_for_sale-46488584-9801-1.html,Added: 3 days ago,Houses_Property,31.673399,73.972116,0,Punjab,"Amir Rasool Chaudhry,",Buy
Sheikhupura,"Shaheen Villas, Sheikhupura",26000000,5,6,2250,10 Marla Double Storey Beautiful House For Sale,,Added: 3 days ago,Houses_Property,31.673399,73.972116,0,Punjab,"Amir Rasool Chaudhry,",Buy
Sheikhupura,"Farooqabad, Sheikhupura",8500000,0,0,4500,A House Of 4500 Square Feet In Farooqabad,https://www.zameen.com/Property/sheikhupura_farooqabad_a_house_of_4500_square_feet_in_farooqabad-46712980-13750-1.html,Added: 5 days ago,Houses_Property,31.753232,73.81047,0,Punjab,Galaxy Estate & Builders,Buy
Sheikhupura,"Farooqabad, Sheikhupura",3000000,2,2,1800,8 Marla House Situated In Farooqabad For sale,https://www.zameen.com/Property/sheikhupura_farooqabad_8_marla_house_situated_in_farooqabad_for_sale-46756209-13750-1.html,Added: 5 days ago,Houses_Property,31.753232,73.81047,0,Punjab,Galaxy Estate & Builders,Buy
Sheikhupura,"Farooqabad, Sheikhupura",3000000,2,2,1800,8 Marla House Situated In Farooqabad For sale,,Added: 5 days ago,Houses_Property,31.753232,73.81047,0,Punjab,Galaxy Estate & Builders,Buy
Sheikhupura,"Farooqabad, Sheikhupura",3000000,2,2,1800,8 Marla House Situated In Farooqabad For sale,,Added: 5 days ago,Houses_Property,31.753232,73.81047,0,Punjab,Galaxy Estate & Builders,Buy
Sheikhupura,"Farooqabad, Sheikhupura",3000000,2,2,1800,8 Marla House Situated In Farooqabad For sale,,Added: 5 days ago,Houses_Property,31.753232,73.81047,0,Punjab,Galaxy Estate & Builders,Buy
Sheikhupura,"Farooqabad, Sheikhupura",3000000,2,2,1800,8 Marla House Situated In Farooqabad For sale,,Added: 5 days ago,Houses_Property,31.753232,73.81047,0,Punjab,Galaxy Estate & Builders,Buy
Sheikhupura,"Farooqabad, Sheikhupura",3000000,2,2,1800,8 Marla House Situated In Farooqabad For sale,,Added: 5 days ago,Houses_Property,31.753232,73.81047,0,Punjab,Galaxy Estate & Builders,Buy
Sheikhupura,"Farooqabad, Sheikhupura",3000000,2,2,1800,8 Marla House Situated In Farooqabad For sale,,Added: 5 days ago,Houses_Property,31.753232,73.81047,0,Punjab,Galaxy Estate & Builders,Buy
Sheikhupura,"Farooqabad, Sheikhupura",3000000,2,2,1800,8 Marla House Situated In Farooqabad For sale,,Added: 5 days ago,Houses_Property,31.753232,73.81047,0,Punjab,Galaxy Estate & Builders,Buy
Sheikhupura,"Farooqabad, Sheikhupura",3000000,2,2,1800,8 Marla House Situated In Farooqabad For sale,,Added: 5 days ago,Houses_Property,31.753232,73.81047,0,Punjab,Galaxy Estate & Builders,Buy
Sheikhupura,"Farooqabad, Sheikhupura",3000000,2,2,1800,8 Marla House Situated In Farooqabad For sale,,Added: 5 days ago,Houses_Property,31.753232,73.81047,0,Punjab,Galaxy Estate & Builders,Buy
Sheikhupura,"Farooqabad, Sheikhupura",3000000,2,2,1800,8 Marla House Situated In Farooqabad For sale,,Added: 5 days ago,Houses_Property,31.753232,73.81047,0,Punjab,Galaxy Estate & Builders,Buy
