city,location,price,bedrooms,baths,size,title,page_url,date_added,property_type,latitude,longitude,number_of_photos,province,agency,purpose
Wah,"New City Phase 2, New City",17000000,5,5,1125,5 Marla Double Storey Spanish House For Sale In E Block New City Phase 2,https://www.zameen.com/Property/new_city_new_city_phase_2_5_marla_double_storey_spanish_house_for_sale_in_e_block_new_city_phase_2-47638270-8820-1.html,Added: 5 days ago,Houses_Property,33.742167,72.717948,21,Punjab,Glow Star Real Estate and Builders,Buy
Wah,"New City Phase 2, New City",17000000,5,5,1125,5 Marla Double Storey Spanish House For Sale In E Block New City Phase 2,,Added: 5 days ago,Houses_Property,33.742167,72.717948,21,Punjab,Glow Star Real Estate and Builders,Buy
Wah,"New City Phase 2, New City",17000000,5,5,1125,5 Marla Double Storey Spanish House For Sale In E Block New City Phase 2,,Added: 5 days ago,Houses_Property,33.742167,72.717948,21,Punjab,Glow Star Real Estate and Builders,Buy
Wah,"Gulshan-e-Anwar Housing Scheme, GT Road",18000000,4,6,1125,House Is Available For Sale,https://www.zameen.com/Property/gt_road_gulshan-e-anwar_housing_scheme_house_is_available_for_sale-47332366-10825-1.html,Added: 3 weeks ago,Houses_Property,33.750769,72.763723,38,Punjab,Zaheer Qamar,Buy
Wah,"Gulshan-e-Anwar Housing Scheme, GT Road",18000000,4,6,1125,House Is Available For Sale,,Added: 3 weeks ago,Houses_Property,33.750769,72.763723,38,Punjab,Zaheer Qamar,Buy
Wah,"Multi Residencia & Orchards, Wah",200000000,5,6,22500,Farm House Is Available For Sale,https://www.zameen.com/Property/wah_multi_residencia_orchards_farm_house_is_available_for_sale-47390250-12039-1.html,Added: 2 weeks ago,Farm_Houses,33.751762,72.718867,50,Punjab,,Buy
Wah,"Multi Residencia & Orchards, Wah",15000000,3,3,1125,Get Your Dream Prime Location House In Multi Residencia & Orchards Multi Residencia & Orchards,https://www.zameen.com/Property/wah_multi_residencia_orchards_get_your_dream_prime_location_house_in_multi_residencia_orchards_multi_residencia_orchards-47615254-12039-1.html,Added: 6 days ago,Houses_Property,33.751762,72.718867,40,Punjab,Abdalian Associates,Buy
Wah,"Multi Residencia & Orchards, Wah",15000000,3,3,1125,Get Your Dream Prime Location House In Multi Residencia & Orchards Multi Residencia & Orchards,,Added: 6 days ago,Houses_Property,33.751762,72.718867,40,Punjab,Abdalian Associates,Buy
Wah,"New City Phase 2, New City",7000000,1,1,495,Majestic Heights provides apartments in affordable installments,https://www.zameen.com/Property/new_city_new_city_phase_2_majestic_heights_provides_apartments_in_affordable_installments-47432463-8820-1.html,Added: 3 weeks ago,Flats_Apartments,33.742167,72.717948,2,Punjab,Pak Land Associates,Buy
Wah,"Kohistan Enclave, Wah Cantt",39000000,5,5,2250,10 Marla Brand New House For Sale Kohistan Enclave Wah,https://www.zameen.com/Property/wah_cantt_kohistan_enclave_10_marla_brand_new_house_for_sale_kohistan_enclave_wah-47698880-10975-1.html,Added: 57 minutes ago,Houses_Property,33.7690723,72.7197283,34,Punjab,Pine Properties,Buy
Wah,"Kohistan Enclave, Wah Cantt",39000000,5,5,2250,10 Marla Brand New House For Sale Kohistan Enclave Wah,,Added: 57 minutes ago,Houses_Property,33.7690723,72.7197283,34,Punjab,Pine Properties,Buy
Wah,"New City Phase 2, New City",16500000,4,5,1125,New City House For Sale Double Storey,https://www.zameen.com/Property/new_city_new_city_phase_2_new_city_house_for_sale_double_storey-47602635-8820-1.html,Added: 1 week ago,Houses_Property,33.742167,72.717948,39,Punjab,,Buy
Wah,"New City Phase 2, New City",16500000,4,5,1125,5 Marla New House+Corner For Sale,https://www.zameen.com/Property/new_city_new_city_phase_2_5_marla_new_house_corner_for_sale-45592118-8820-1.html,Added: 4 weeks ago,Houses_Property,33.742167,72.717948,33,Punjab,Pak Land Associates,Buy
Wah,"New City Phase 2, New City",16500000,4,5,1125,5 Marla New House+Corner For Sale,,Added: 4 weeks ago,Houses_Property,33.742167,72.717948,33,Punjab,Pak Land Associates,Buy
Wah,"Wah Cantt, Wah",4500000,2,2,675,3 marla beautiful house,https://www.zameen.com/Property/wah_wah_cantt_3_marla_beautiful_house-47103073-628-1.html,Added: 1 day ago,Rooms,33.77154900000003,72.75109799999998,5,Punjab,Gulshan E Kainat Associates & Property Consultants,Buy
Wah,"Asifabad, Wah",5200000,2,3,900,4 Marla beautiful house,https://www.zameen.com/Property/wah_asifabad_4_marla_beautiful_house-47514299-15613-1.html,Added: 1 day ago,Houses_Property,33.781888,72.71516499999998,12,Punjab,Gulshan E Kainat Associates & Property Consultants,Buy
Wah,"Asifabad, Wah",5200000,2,3,900,4 Marla beautiful house,,Added: 1 day ago,Houses_Property,33.781888,72.71516499999998,12,Punjab,Gulshan E Kainat Associates & Property Consultants,Buy
Wah,"New City Phase 2 - Block L, New City Phase 2",4000000,0,1,495,Furnished Flat for sale,https://www.zameen.com/Property/new_city_phase_2_new_city_phase_2_-_block_l_furnished_flat_for_sale-47416761-19520-1.html,Added: 3 weeks ago,Flats_Apartments,33.7363888030092,72.7196932879522,11,Punjab,Crown Realtors,Buy
Wah,"Wah Model Town - Phase 1, Model Town",4500000,2,2,675,3 Marla House Wah Model Town Near By Malikabad,https://www.zameen.com/Property/model_town_wah_model_town_-_phase_1_3_marla_house_wah_model_town_near_by_malikabad-46384104-11394-1.html,Added: 3 weeks ago,Houses_Property,33.762006,72.733671,25,Punjab,Gulshan E Kainat Associates & Property Consultants,Buy
Wah,"New City Phase 2, New City",24000000,4,5,1575,7 Marla Spacious House with Green Belt Front New City Phase 2 Wah Cantt,https://www.zameen.com/Property/new_city_new_city_phase_2_7_marla_spacious_house_with_green_belt_front_new_city_phase_2_wah_cantt-47567292-8820-1.html,Added: 2 weeks ago,Houses_Property,33.742167,72.717948,2,Punjab,City property Avenue,Buy
Wah,"New City Phase 2, New City",24000000,4,5,1575,7 Marla Spacious House with Green Belt Front New City Phase 2 Wah Cantt,,Added: 2 weeks ago,Houses_Property,33.742167,72.717948,2,Punjab,City property Avenue,Buy
Wah,"Kohistan Enclave, Wah Cantt",5750000,1,1,585,1 bed apartment available on flexible instalments in kohistan enclave,https://www.zameen.com/Property/wah_cantt_kohistan_enclave_1_bed_apartment_available_on_flexible_instalments_in_kohistan_enclave-47342129-10975-1.html,Added: 4 weeks ago,Flats_Apartments,33.7690723,72.7197283,3,Punjab,Beton Marketing,Buy
Wah,"Kohistan Enclave, Wah Cantt",17000000,4,4,1125,5 marla house available on prime location in kohistan enclave.,https://www.zameen.com/Property/wah_cantt_kohistan_enclave_5_marla_house_available_on_prime_location_in_kohistan_enclave-47325460-10975-1.html,Added: 6 days ago,Houses_Property,33.7690723,72.7197283,0,Punjab,Beton Marketing,Buy
Wah,"New City Phase 2, New City",15500000,5,5,1125,5 marla double story house for sale in E block new city phase 2,https://www.zameen.com/Property/new_city_new_city_phase_2_5_marla_double_story_house_for_sale_in_e_block_new_city_phase_2-47492214-8820-1.html,Added: 2 weeks ago,Houses_Property,33.742167,72.717948,14,Punjab,Glow Star Real Estate and Builders,Buy
Wah,"New City Phase 2, New City",13500000,4,5,1125,5 marla double story house for sale in j block new city phase 2,https://www.zameen.com/Property/new_city_new_city_phase_2_5_marla_double_story_house_for_sale_in_j_block_new_city_phase_2-47491975-8820-1.html,Added: 2 weeks ago,Houses_Property,33.742167,72.717948,12,Punjab,Glow Star Real Estate and Builders,Buy
Wah,"New City Phase 2, New City",16000000,4,5,1125,5 Marla Spanish house for sale,https://www.zameen.com/Property/new_city_new_city_phase_2_5_marla_spanish_house_for_sale-47112668-8820-1.html,Added: 22 hours ago,Houses_Property,33.742167,72.717948,11,Punjab,Glow Star Real Estate and Builders,Buy
Wah,"New City Phase 2, New City",16000000,4,5,1125,5 Marla Spanish house for sale,,Added: 22 hours ago,Houses_Property,33.742167,72.717948,11,Punjab,Glow Star Real Estate and Builders,Buy
Wah,"New City Phase 2, New City",9000000,2,3,1125,5 Marla Single Story House Available For Sale,https://www.zameen.com/Property/new_city_new_city_phase_2_5_marla_single_story_house_available_for_sale-47048759-8820-1.html,Added: 22 hours ago,Houses_Property,33.742167,72.717948,9,Punjab,Glow Star Real Estate and Builders,Buy
Wah,"New City Phase 2, New City",15500000,4,5,1125,New City Phase 2 Wah Cantt 5 Marla New Branded House Available For Sale,https://www.zameen.com/Property/new_city_new_city_phase_2_new_city_phase_2_wah_cantt_5_marla_new_branded_house_available_for_sale-46710428-8820-1.html,Added: 22 hours ago,Houses_Property,33.742167,72.717948,11,Punjab,Glow Star Real Estate and Builders,Buy
Wah,"New City Phase 2, New City",15500000,4,5,1125,New City Phase 2 Wah Cantt 5 Marla New Branded House Available For Sale,,Added: 22 hours ago,Houses_Property,33.742167,72.717948,11,Punjab,Glow Star Real Estate and Builders,Buy
Wah,"New City Phase 2, New City",13500000,4,5,1125,5 Marla Victorian House Available For Sale,https://www.zameen.com/Property/new_city_new_city_phase_2_5_marla_victorian_house_available_for_sale-46828036-8820-1.html,Added: 22 hours ago,Houses_Property,33.742167,72.717948,15,Punjab,Glow Star Real Estate and Builders,Buy
Wah,"New City Phase 2, New City",22000000,5,6,1575,7 mrla double story house available for sale,https://www.zameen.com/Property/new_city_new_city_phase_2_7_mrla_double_story_house_available_for_sale-47312836-8820-1.html,Added: 22 hours ago,Houses_Property,33.74216700000001,72.71794800000004,15,Punjab,Glow Star Real Estate and Builders,Buy
Wah,"New City Phase 2, New City",17000000,4,5,1125,"Ideal 1125 Square Feet House Available In New City Phase 2, Wah",https://www.zameen.com/Property/new_city_new_city_phase_2_ideal_1125_square_feet_house_available_in_new_city_phase_2_wah-47416972-8820-1.html,Added: 22 hours ago,Houses_Property,33.742167,72.717948,14,Punjab,Glow Star Real Estate and Builders,Buy
Wah,"New City Phase 2, New City",17000000,4,5,1125,"Ideal 1125 Square Feet House Available In New City Phase 2, Wah",,Added: 22 hours ago,Houses_Property,33.742167,72.717948,14,Punjab,Glow Star Real Estate and Builders,Buy
Wah,"New City Phase 2, New City",10500000,2,3,1125,5 mrla single story house available for sale,https://www.zameen.com/Property/new_city_new_city_phase_2_5_mrla_single_story_house_available_for_sale-47578555-8820-1.html,Added: 22 hours ago,Houses_Property,33.742167,72.717948,11,Punjab,Glow Star Real Estate and Builders,Buy
Wah,"Kohistan Enclave, Wah Cantt",39000000,5,6,2250,"Kohistan Enclave,Wah Cantt
10 Marla Double Story House for Sale
luxury House for Sale",https://www.zameen.com/Property/wah_cantt_kohistan_enclave_kohistan_enclave_wah_cantt_10_marla_double_story_house_for_sale_luxury_house_for_sale-47689975-10975-1.html,Added: 1 day ago,Houses_Property,33.7690723,72.7197283,23,Punjab,Glow Star Real Estate and Builders,Buy
Wah,"Kohistan Enclave, Wah Cantt",39000000,5,6,2250,"Kohistan Enclave,Wah Cantt
10 Marla Double Story House for Sale
luxury House for Sale",,Added: 1 day ago,Houses_Property,33.7690723,72.7197283,23,Punjab,Glow Star Real Estate and Builders,Buy
Wah,"Kohistan Enclave, Wah Cantt",16500000,4,4,1035,4.6 Marla House Available On Prime Location In Kohistan Enclave.,https://www.zameen.com/Property/wah_cantt_kohistan_enclave_4_6_marla_house_available_on_prime_location_in_kohistan_enclave-47319255-10975-1.html,Added: 3 weeks ago,Houses_Property,33.7690723,72.7197283,0,Punjab,Beton Marketing,Buy
Wah,"Kohistan Enclave, Wah Cantt",16500000,4,4,1035,4.6 Marla House Available On Prime Location In Kohistan Enclave.,,Added: 3 weeks ago,Houses_Property,33.7690723,72.7197283,0,Punjab,Beton Marketing,Buy
Wah,"Kohistan Enclave, Wah Cantt",16500000,4,4,1035,4.6 Marla House Available On Prime Location In Kohistan Enclave.,,Added: 3 weeks ago,Houses_Property,33.7690723,72.7197283,0,Punjab,Beton Marketing,Buy
Wah,"New City Phase 2, New City",13000000,4,4,1125,Housr For Sale,https://www.zameen.com/Property/new_city_new_city_phase_2_housr_for_sale-47382292-8820-1.html,Added: 3 weeks ago,Houses_Property,33.742167,72.717948,0,Punjab,,Buy
Wah,"New City Phase 2, New City",13000000,4,4,1125,Housr For Sale,,Added: 3 weeks ago,Houses_Property,33.742167,72.717948,0,Punjab,,Buy
Wah,"Wah Cantt, Wah",14500000,4,5,1125,Buying A House In Wah Cantt?,https://www.zameen.com/Property/wah_wah_cantt_buying_a_house_in_wah_cantt-47398768-628-1.html,Added: 3 weeks ago,Houses_Property,33.771549,72.751098,0,Punjab,Kent Real Estate & Builders,Buy
Wah,"New City Phase 2, New City",9500000,2,3,900,4 Marla Single Storey House For Sale In G Block New City Phase 2,https://www.zameen.com/Property/new_city_new_city_phase_2_4_marla_single_storey_house_for_sale_in_g_block_new_city_phase_2-47481305-8820-1.html,Added: 2 weeks ago,Houses_Property,33.742167,72.717948,11,Punjab,Glow Star Real Estate and Builders,Buy
Wah,"New City Phase 2, New City",9500000,2,3,900,4 Marla Single Storey House For Sale In G Block New City Phase 2,,Added: 2 weeks ago,Houses_Property,33.742167,72.717948,11,Punjab,Glow Star Real Estate and Builders,Buy
Wah,"Kohistan Enclave, Wah Cantt",39000000,5,5,2250,Kohistan Enclave 10 marla Brand New Luxury House For sale.,https://www.zameen.com/Property/wah_cantt_kohistan_enclave_kohistan_enclave_10_marla_brand_new_luxury_house_for_sale-47688420-10975-1.html,Added: 1 day ago,Houses_Property,33.769072,72.719728,20,Punjab,C7 Marketing,Buy
Wah,"New City Phase 2, New City",10500000,2,3,1125,New City Phase 2 Wah Cantt,https://www.zameen.com/Property/new_city_new_city_phase_2_new_city_phase_2_wah_cantt-47592868-8820-1.html,Added: 1 day ago,Houses_Property,33.742167,72.717948,12,Punjab,Glow Star Real Estate and Builders,Buy
Wah,"New City Phase 2, New City",10500000,2,3,1125,New City Phase 2 Wah Cantt,,Added: 1 day ago,Houses_Property,33.742167,72.717948,12,Punjab,Glow Star Real Estate and Builders,Buy
Wah,"Wah Model Town - Phase 1, Model Town",11000000,4,3,1350,6 MARLA KHANA-BAD HOUSE FOR SALE,https://www.zameen.com/Property/model_town_wah_model_town_-_phase_1_6_marla_khana-bad_house_for_sale-47596665-11394-1.html,Added: 1 day ago,Houses_Property,33.76466618145356,72.73677088825292,12,Punjab,Prestige Marketing,Buy
Wah,"Nawababad, Wah",6000000,2,3,1125,Hussainabad Main Chowk Near To Malikabad And Nawababad Wahcantt Ky Ps Ha Grey Structure House Ha,https://www.zameen.com/Property/wah_nawababad_hussainabad_main_chowk_near_to_malikabad_and_nawababad_wahcantt_ky_ps_ha_grey_structure_house_ha-47676359-633-1.html,Added: 2 days ago,Houses_Property,33.749243,72.778406,20,Punjab,,Buy
Wah,"Nawababad, Wah",6000000,2,3,1125,Hussainabad Main Chowk Near To Malikabad And Nawababad Wahcantt Ky Ps Ha Grey Structure House Ha,,Added: 2 days ago,Houses_Property,33.749243,72.778406,20,Punjab,,Buy
Wah,"New City Phase 2, New City",16000000,4,5,1125,New City Phase 2 Wah Cantt,https://www.zameen.com/Property/new_city_new_city_phase_2_new_city_phase_2_wah_cantt-47656356-8820-1.html,Added: 4 days ago,Houses_Property,33.742167,72.717948,9,Punjab,Glow Star Real Estate and Builders,Buy
Wah,"New City Phase 2, New City",12500000,4,5,900,New City Phase 2 4 Marla House,https://www.zameen.com/Property/new_city_new_city_phase_2_new_city_phase_2_4_marla_house-47656111-8820-1.html,Added: 4 days ago,Houses_Property,33.742167,72.717948,17,Punjab,4P Marketing  Advertising,Buy
Wah,"New City Phase 2, New City",12500000,4,5,900,New City Phase 2 4 Marla House,,Added: 4 days ago,Houses_Property,33.742167,72.717948,17,Punjab,4P Marketing  Advertising,Buy
Wah,"New City - Block H, New City",22000000,5,6,1575,7 Marla Double Storey Brand New House For Sale,https://www.zameen.com/Property/new_city_new_city_-_block_h_7_marla_double_storey_brand_new_house_for_sale-47638122-16639-1.html,Added: 5 days ago,Houses_Property,33.74137551,72.71834932,30,Punjab,Glow Star Real Estate and Builders,Buy
Wah,"New City Phase 2, New City",16000000,4,5,1125,New City Phase 2 Wah Cantt,https://www.zameen.com/Property/new_city_new_city_phase_2_new_city_phase_2_wah_cantt-47111943-8820-1.html,Added: 5 days ago,Houses_Property,33.742167,72.717948,14,Punjab,Glow Star Real Estate and Builders,Buy
Wah,"New City - Block A, New City",14000000,4,5,1125,New City Phase 2 Wah Cantt,https://www.zameen.com/Property/new_city_new_city_-_block_a_new_city_phase_2_wah_cantt-47637864-15614-1.html,Added: 5 days ago,Houses_Property,33.748455,72.740934,19,Punjab,Glow Star Real Estate and Builders,Buy
Wah,"New City - Block A, New City",14000000,4,5,1125,New City Phase 2 Wah Cantt,,Added: 5 days ago,Houses_Property,33.748455,72.740934,19,Punjab,Glow Star Real Estate and Builders,Buy
Wah,"New City Phase 2, New City",16500000,4,5,1125,5 marla double story house for sale in m block new city phase 2,https://www.zameen.com/Property/new_city_new_city_phase_2_5_marla_double_story_house_for_sale_in_m_block_new_city_phase_2-47636744-8820-1.html,Added: 5 days ago,Houses_Property,33.742167,72.717948,13,Punjab,Glow Star Real Estate and Builders,Buy
Wah,"New City Phase 2, New City",9000000,2,3,1125,Newcity phase 2 Single Storey House,https://www.zameen.com/Property/new_city_new_city_phase_2_newcity_phase_2_single_storey_house-47636603-8820-1.html,Added: 5 days ago,Houses_Property,33.742167,72.717948,29,Punjab,4P Marketing  Advertising,Buy
Wah,"New City Phase 2, New City",15500000,4,5,1125,1125 Square Feet House In Central New City Phase 2 For Sale,https://www.zameen.com/Property/new_city_new_city_phase_2_1125_square_feet_house_in_central_new_city_phase_2_for_sale-47016110-8820-1.html,Added: 5 days ago,Houses_Property,33.742167,72.717948,27,Punjab,Glow Star Real Estate and Builders,Buy
Wah,"New City Phase 2, New City",16000000,4,5,1238,House for sales,https://www.zameen.com/Property/new_city_new_city_phase_2_house_for_sales-46982995-8820-1.html,Added: 5 days ago,Houses_Property,33.742167,72.717948,8,Punjab,Glow Star Real Estate and Builders,Buy
Wah,"New City Phase 2, New City",13500000,4,5,1125,House for sale,https://www.zameen.com/Property/new_city_new_city_phase_2_house_for_sale-46862383-8820-1.html,Added: 5 days ago,Houses_Property,33.74216700000001,72.717948,17,Punjab,Glow Star Real Estate and Builders,Buy
Wah,"New City Phase 2, New City",13500000,4,5,1125,House for sale,,Added: 5 days ago,Houses_Property,33.74216700000001,72.717948,17,Punjab,Glow Star Real Estate and Builders,Buy
Wah,"New City Phase 2, New City",99000000,7,6,4500,One Kanal Double Story House For Sale On Main Boulevard In D 18 Islamabad,https://www.zameen.com/Property/new_city_new_city_phase_2_one_kanal_double_story_house_for_sale_on_main_boulevard_in_d_18_islamabad-47633138-8820-1.html,Added: 5 days ago,Houses_Property,33.742167,72.717948,17,Punjab,Glow Star Real Estate and Builders,Buy
Wah,"New City Phase 2, New City",15000000,4,5,1125,"New City Phase 2,Wah Cantt
5 Marla Double Story 
E Block
Gas Srector",https://www.zameen.com/Property/new_city_new_city_phase_2_new_city_phase_2_wah_cantt_5_marla_double_story_e_block_gas_srector-47609648-8820-1.html,Added: 1 week ago,Houses_Property,33.74216700000001,72.71794800000004,14,Punjab,Glow Star Real Estate and Builders,Buy
Wah,"New City Phase 2, New City",15000000,4,5,1125,"New City Phase 2,Wah Cantt
5 Marla Double Story 
E Block
Gas Srector",,Added: 1 week ago,Houses_Property,33.74216700000001,72.71794800000004,14,Punjab,Glow Star Real Estate and Builders,Buy
Wah,"New City - Block M, New City",65000000,6,6,4500,"New City Phase 2 Wah Cantt
C Sector",https://www.zameen.com/Property/new_city_new_city_-_block_m_new_city_phase_2_wah_cantt_c_sector-46320669-16804-1.html,Added: 1 week ago,Houses_Property,33.73897044,72.72456191,11,Punjab,Glow Star Real Estate and Builders,Buy
Wah,"New City Phase 2, New City",15500000,4,5,1125,"New City Phase 2,Wah Cantt
A Block
5 Marla Double Story house For Sale",https://www.zameen.com/Property/new_city_new_city_phase_2_new_city_phase_2_wah_cantt_a_block_5_marla_double_story_house_for_sale-46912403-8820-1.html,Added: 1 week ago,Houses_Property,33.742167,72.717948,11,Punjab,Glow Star Real Estate and Builders,Buy
Wah,"New City Phase 2, New City",95000000,8,6,4500,"New City Phase 2, Wah Cantt House For Sale",https://www.zameen.com/Property/new_city_new_city_phase_2_new_city_phase_2_wah_cantt_house_for_sale-47113468-8820-1.html,Added: 1 week ago,Houses_Property,33.742167,72.717948,20,Punjab,Glow Star Real Estate and Builders,Buy
Wah,"New City Phase 2, New City",95000000,8,6,4500,"New City Phase 2, Wah Cantt House For Sale",,Added: 1 week ago,Houses_Property,33.742167,72.717948,20,Punjab,Glow Star Real Estate and Builders,Buy
Wah,"New City Phase 2, New City",22000000,5,6,1575,"New City Phase 2,Wah Cantt
7 Marla Double Story",https://www.zameen.com/Property/new_city_new_city_phase_2_new_city_phase_2_wah_cantt_7_marla_double_story-47444661-8820-1.html,Added: 1 week ago,Houses_Property,33.742167,72.717948,14,Punjab,Glow Star Real Estate and Builders,Buy
Wah,"New City Phase 2, New City",10500000,2,3,1125,"New City Phase 2,Wah Cantt
5 Marla Single Story House For Sale
i Block
st 10",https://www.zameen.com/Property/new_city_new_city_phase_2_new_city_phase_2_wah_cantt_5_marla_single_story_house_for_sale_i_block_st_10-47515193-8820-1.html,Added: 1 week ago,Houses_Property,33.742167,72.717948,12,Punjab,Glow Star Real Estate and Builders,Buy
Wah,"New City Phase 2, New City",10500000,2,3,1125,"New City Phase 2,Wah Cantt
5 Marla Single Story House For Sale
i Block
st 10",,Added: 1 week ago,Houses_Property,33.742167,72.717948,12,Punjab,Glow Star Real Estate and Builders,Buy
Wah,"New City Phase 2, New City",16000000,4,5,1125,This Is Your Chance To Buy House In New City Phase 2 Wah,https://www.zameen.com/Property/new_city_new_city_phase_2_this_is_your_chance_to_buy_house_in_new_city_phase_2_wah-46968901-8820-1.html,Added: 1 week ago,Houses_Property,33.742167,72.717948,12,Punjab,Glow Star Real Estate and Builders,Buy
Wah,"New City Phase 2, New City",16000000,4,5,1125,This Is Your Chance To Buy House In New City Phase 2 Wah,,Added: 1 week ago,Houses_Property,33.742167,72.717948,12,Punjab,Glow Star Real Estate and Builders,Buy
Wah,"New City Phase 2, New City",16000000,4,5,1125,This Is Your Chance To Buy House In New City Phase 2 Wah,,Added: 1 week ago,Houses_Property,33.742167,72.717948,12,Punjab,Glow Star Real Estate and Builders,Buy
Wah,"New City Phase 2, New City",10500000,2,3,900,"New City Phase 2,Wah Cantt
F Block
gas Sector
4 Marla Single Story",https://www.zameen.com/Property/new_city_new_city_phase_2_new_city_phase_2_wah_cantt_f_block_gas_sector_4_marla_single_story-47599586-8820-1.html,Added: 1 week ago,Houses_Property,33.742167,72.717948,15,Punjab,Glow Star Real Estate and Builders,Buy
Wah,"New City Phase 2, New City",10500000,2,3,900,"New City Phase 2,Wah Cantt
F Block
gas Sector
4 Marla Single Story",,Added: 1 week ago,Houses_Property,33.742167,72.717948,15,Punjab,Glow Star Real Estate and Builders,Buy
Wah,"New City Phase 2, New City",9500000,2,3,900,",",https://www.zameen.com/Property/new_city_new_city_phase_2-47599680-8820-1.html,Added: 1 week ago,Houses_Property,33.742167,72.717948,11,Punjab,Glow Star Real Estate and Builders,Buy
Wah,"New City Phase 2, New City",14200000,4,5,1125,",",https://www.zameen.com/Property/new_city_new_city_phase_2-47601754-8820-1.html,Added: 1 week ago,Houses_Property,33.742167,72.717948,20,Punjab,Glow Star Real Estate and Builders,Buy
Wah,"New City Phase 2, New City",14200000,4,5,1125,",",,Added: 1 week ago,Houses_Property,33.742167,72.717948,20,Punjab,Glow Star Real Estate and Builders,Buy
Wah,"New City Phase 2, New City",15000000,4,5,1125,A Block Street 12 House 36 Available For Sale Luxury House,https://www.zameen.com/Property/new_city_new_city_phase_2_a_block_street_12_house_36_available_for_sale_luxury_house-45148100-8820-1.html,Added: 1 week ago,Houses_Property,33.742167,72.717948,22,Punjab,Red Leaf Real Estate,Buy
Wah,"New City Phase 2, New City",23500000,4,5,1575,7 marla double story house for sale on i block New city phase 2,https://www.zameen.com/Property/new_city_new_city_phase_2_7_marla_double_story_house_for_sale_on_i_block_new_city_phase_2-47605571-8820-1.html,Added: 1 week ago,Houses_Property,33.742167,72.717948,10,Punjab,Glow Star Real Estate and Builders,Buy
Wah,"New City Phase 2, New City",23500000,4,5,1575,7 marla double story house for sale on i block New city phase 2,,Added: 1 week ago,Houses_Property,33.742167,72.717948,10,Punjab,Glow Star Real Estate and Builders,Buy
Wah,"New City Phase 2, New City",9500000,2,3,900,New City Phase 2 Wah Cantt,https://www.zameen.com/Property/new_city_new_city_phase_2_new_city_phase_2_wah_cantt-47601615-8820-1.html,Added: 1 week ago,Houses_Property,33.742167,72.717948,11,Punjab,Glow Star Real Estate and Builders,Buy
Wah,"Kohistan Enclave, Wah Cantt",26500000,5,4,1575,"Kohistan Enclave 
7 marla brand New double story house for sale.",https://www.zameen.com/Property/wah_cantt_kohistan_enclave_kohistan_enclave_7_marla_brand_new_double_story_house_for_sale-47599648-10975-1.html,Added: 1 week ago,Houses_Property,72.784955790047,33.7490851764118,18,Punjab,C7 Marketing,Buy
Wah,"Kohistan Enclave, Wah Cantt",26500000,5,4,1575,"Kohistan Enclave 
7 marla brand New double story house for sale.",,Added: 1 week ago,Houses_Property,72.784955790047,33.7490851764118,18,Punjab,C7 Marketing,Buy
Wah,"New City Phase 2, New City",13500000,4,6,1125,New City Phase 2 Wah Cantt,https://www.zameen.com/Property/new_city_new_city_phase_2_new_city_phase_2_wah_cantt-47114833-8820-1.html,Added: 1 week ago,Houses_Property,33.742167,72.717948,16,Punjab,Glow Star Real Estate and Builders,Buy
Wah,"New City Phase 2, New City",65000000,6,6,4500,New City Phase 2 Wah Cantt,https://www.zameen.com/Property/new_city_new_city_phase_2_new_city_phase_2_wah_cantt-46273634-8820-1.html,Added: 1 week ago,Houses_Property,33.742167,72.717948,30,Punjab,Glow Star Real Estate and Builders,Buy
Wah,"New City Phase 2, New City",65000000,6,6,4500,New City Phase 2 Wah Cantt,,Added: 1 week ago,Houses_Property,33.742167,72.717948,30,Punjab,Glow Star Real Estate and Builders,Buy
Wah,"New City Phase 2, New City",9500000,2,3,900,4 Marla single story house for sale,https://www.zameen.com/Property/new_city_new_city_phase_2_4_marla_single_story_house_for_sale-47578879-8820-1.html,Added: 1 week ago,Houses_Property,33.742167,72.717948,10,Punjab,Glow Star Real Estate and Builders,Buy
Wah,"New City Phase 2, New City",16500000,4,5,1125,5 Marla Double story house available for sale,https://www.zameen.com/Property/new_city_new_city_phase_2_5_marla_double_story_house_available_for_sale-47112742-8820-1.html,Added: 1 week ago,Houses_Property,33.742167,72.717948,13,Punjab,Glow Star Real Estate and Builders,Buy
Wah,"New City Phase 2, New City",70000000,8,6,4500,1 kanal house available for sale,https://www.zameen.com/Property/new_city_new_city_phase_2_1_kanal_house_available_for_sale-47503538-8820-1.html,Added: 1 week ago,Houses_Property,33.742167,72.717948,14,Punjab,Glow Star Real Estate and Builders,Buy
Wah,"New City Phase 2, New City",70000000,8,6,4500,1 kanal house available for sale,,Added: 1 week ago,Houses_Property,33.742167,72.717948,14,Punjab,Glow Star Real Estate and Builders,Buy
Wah,"New City Phase 2, New City",62500000,5,6,4500,one kanal double story house for sale on main boulevard in New city phase 2,https://www.zameen.com/Property/new_city_new_city_phase_2_one_kanal_double_story_house_for_sale_on_main_boulevard_in_new_city_phase_2-47563092-8820-1.html,Added: 2 weeks ago,Houses_Property,33.742167,72.717948,14,Punjab,Glow Star Real Estate and Builders,Buy
Wah,"New City Phase 2, New City",13500000,4,5,1125,5 marla double story house for sale in i block new city phase 2,https://www.zameen.com/Property/new_city_new_city_phase_2_5_marla_double_story_house_for_sale_in_i_block_new_city_phase_2-47562228-8820-1.html,Added: 2 weeks ago,Houses_Property,33.742167,72.717948,14,Punjab,Glow Star Real Estate and Builders,Buy
Wah,"Kohistan Enclave, Wah Cantt",29500000,5,5,1620,7.2 Marla House available on Ideal location in Kohistan Enclave.,https://www.zameen.com/Property/wah_cantt_kohistan_enclave_7_2_marla_house_available_on_ideal_location_in_kohistan_enclave-47212560-10975-1.html,Added: 2 weeks ago,Houses_Property,33.7690723,72.7197283,5,Punjab,Beton Marketing,Buy
Wah,"New City Phase 2, New City",12500000,4,5,900,House Sized 900 Square Feet Is Available For Sale In New City Phase 2,https://www.zameen.com/Property/new_city_new_city_phase_2_house_sized_900_square_feet_is_available_for_sale_in_new_city_phase_2-46697820-8820-1.html,Added: 2 weeks ago,Houses_Property,33.742167,72.717948,15,Punjab,Glow Star Real Estate and Builders,Buy
Wah,"New City Phase 2, New City",9000000,2,3,1125,"New City Phase 2,Wah Cantt",https://www.zameen.com/Property/new_city_new_city_phase_2_new_city_phase_2_wah_cantt-47102195-8820-1.html,Added: 2 weeks ago,Houses_Property,33.742167,72.717948,11,Punjab,Glow Star Real Estate and Builders,Buy
Wah,"New City Phase 2, New City",9000000,2,3,1125,"New City Phase 2,Wah Cantt",,Added: 2 weeks ago,Houses_Property,33.742167,72.717948,11,Punjab,Glow Star Real Estate and Builders,Buy
Wah,"Kohistan Enclave - Block F, Kohistan Enclave",16000000,4,4,1125,Kohistan Enclave 5 marla Double Story Brand new house For sale,https://www.zameen.com/Property/kohistan_enclave_kohistan_enclave_-_block_f_kohistan_enclave_5_marla_double_story_brand_new_house_for_sale-47462398-20063-1.html,Added: 3 weeks ago,Houses_Property,33.76725519,72.71026988,10,Punjab,C7 Marketing,Buy
Wah,"Kohistan Enclave, Wah Cantt",4200000,1,1,472,One Bed Apartment available for sale,https://www.zameen.com/Property/wah_cantt_kohistan_enclave_one_bed_apartment_available_for_sale-47260436-10975-1.html,Added: 3 weeks ago,Flats_Apartments,33.7690723,72.7197283,7,Punjab,Beton Marketing,Buy
Wah,"Kohistan Enclave, Wah Cantt",4200000,1,1,472,One Bed Apartment available for sale,,Added: 3 weeks ago,Flats_Apartments,33.7690723,72.7197283,7,Punjab,Beton Marketing,Buy
Wah,"New City Phase 2, New City",20000000,4,5,1575,", 
 
7",https://www.zameen.com/Property/new_city_new_city_phase_2_7-47416655-8820-1.html,Added: 3 weeks ago,Houses_Property,33.742167,72.717948,17,Punjab,C7 Marketing,Buy
Wah,"New City Phase 2, New City",17000000,4,5,1125,5 marla double story spanish house for sale in New city phase 2,https://www.zameen.com/Property/new_city_new_city_phase_2_5_marla_double_story_spanish_house_for_sale_in_new_city_phase_2-47114743-8820-1.html,Added: 3 weeks ago,Houses_Property,33.742167,72.717948,23,Punjab,Glow Star Real Estate and Builders,Buy
Wah,"New City Phase 2, New City",12500000,4,5,900,4 Marla Double Storey Luxury House In New City Phase 2,https://www.zameen.com/Property/new_city_new_city_phase_2_4_marla_double_storey_luxury_house_in_new_city_phase_2-47114862-8820-1.html,Added: 3 weeks ago,Houses_Property,33.742167,72.717948,13,Punjab,Glow Star Real Estate and Builders,Buy
Wah,"New City Phase 2, New City",12500000,4,5,900,4 Marla Double Storey Luxury House In New City Phase 2,,Added: 3 weeks ago,Houses_Property,33.742167,72.717948,13,Punjab,Glow Star Real Estate and Builders,Buy
Wah,"New City Phase 2, New City",17000000,4,5,1125,New City Phase 2 Wah Cantt,https://www.zameen.com/Property/new_city_new_city_phase_2_new_city_phase_2_wah_cantt-47144034-8820-1.html,Added: 3 weeks ago,Houses_Property,33.742167,72.717948,30,Punjab,Glow Star Real Estate and Builders,Buy
Wah,"Kohistan Enclave, Wah Cantt",13000000,4,4,1125,5 Marla Designer House Construction Package On Installments,https://www.zameen.com/Property/wah_cantt_kohistan_enclave_5_marla_designer_house_construction_package_on_installments-46274071-10975-1.html,Added: 3 weeks ago,Houses_Property,33.7690723,72.7197283,8,Punjab,SADAAT ASSOCIATES,Buy
Wah,"Kohistan Enclave, Wah Cantt",13000000,4,4,1125,5 Marla Designer House Construction Package On Installments,,Added: 3 weeks ago,Houses_Property,33.7690723,72.7197283,8,Punjab,SADAAT ASSOCIATES,Buy
Wah,"New City Phase 2, New City",14500000,4,5,1125,"5 Marla(27x50) Newly Constructed Double Story House for Sale in New City Phase-2, Block-A, Street#27, House#03",https://www.zameen.com/Property/new_city_new_city_phase_2_5_marla_27x50_newly_constructed_double_story_house_for_sale_in_new_city_phase-2_block-a_street_27_house_03-47305685-8820-1.html,Added: 4 weeks ago,Houses_Property,33.742167,72.717948,25,Punjab,,Buy
Wah,"New City Phase 2, New City",14500000,4,5,1125,"5 Marla(27x50) Newly Constructed Double Story House for Sale in New City Phase-2, Block-A, Street#27, House#03",,Added: 4 weeks ago,Houses_Property,33.742167,72.717948,25,Punjab,,Buy
Wah,"New City Phase 2, New City",14500000,4,5,1125,"5 Marla(27x50) Newly Constructed Double Story House for Sale in New City Phase-2, Block-A, Street#27, House#03",,Added: 4 weeks ago,Houses_Property,33.742167,72.717948,25,Punjab,,Buy
Wah,"Kohistan Enclave, Wah Cantt",6358000,1,1,585,1 Bed Apartment Available On Flexible Instalments In Kohistan Enclave,https://www.zameen.com/Property/wah_cantt_kohistan_enclave_1_bed_apartment_available_on_flexible_instalments_in_kohistan_enclave-47281016-10975-1.html,Added: 1 month ago,Flats_Apartments,33.7691,72.7197,11,Punjab,Beton Marketing,Buy
Wah,"Kohistan Enclave, Wah Cantt",6358000,1,1,585,1 Bed Apartment Available On Flexible Instalments In Kohistan Enclave,,Added: 1 month ago,Flats_Apartments,33.7691,72.7197,11,Punjab,Beton Marketing,Buy
Wah,"Kohistan Enclave, Wah Cantt",4800000,1,1,428,Kohistan Enclave One Bed Apartment For Sale.,https://www.zameen.com/Property/wah_cantt_kohistan_enclave_kohistan_enclave_one_bed_apartment_for_sale-47148802-10975-1.html,Added: 1 month ago,Flats_Apartments,33.7690723,72.7197283,13,Punjab,C7 Marketing,Buy
Wah,"New City Phase 2, New City",23000000,4,5,1575,7 marla double story house for sale in H block New city phase 2,https://www.zameen.com/Property/new_city_new_city_phase_2_7_marla_double_story_house_for_sale_in_h_block_new_city_phase_2-47212176-8820-1.html,Added: 1 month ago,Houses_Property,33.742167,72.717948,15,Punjab,Glow Star Real Estate and Builders,Buy
Wah,"New City Phase 2, New City",23000000,4,5,1575,7 marla double story house for sale in H block New city phase 2,,Added: 1 month ago,Houses_Property,33.742167,72.717948,15,Punjab,Glow Star Real Estate and Builders,Buy
Wah,"New City - Block E, New City",16000000,4,5,1395,5.5 Marla newly constructed house,https://www.zameen.com/Property/new_city_new_city_-_block_e_5_5_marla_newly_constructed_house-47179801-16089-1.html,Added: 1 month ago,Houses_Property,33.737382,72.730256,14,Punjab,Crown Realtors,Buy
Wah,"New City Phase 2, New City",8400000,2,3,900,4 Marla Single Storey House For Sale In F Block New City Phase 2,https://www.zameen.com/Property/new_city_new_city_phase_2_4_marla_single_storey_house_for_sale_in_f_block_new_city_phase_2-47144861-8820-1.html,Added: 1 month ago,Houses_Property,33.742167,72.717948,11,Punjab,Glow Star Real Estate and Builders,Buy
Wah,"New City Phase 2, New City",8400000,2,3,900,4 Marla Single Storey House For Sale In F Block New City Phase 2,,Added: 1 month ago,Houses_Property,33.742167,72.717948,11,Punjab,Glow Star Real Estate and Builders,Buy
Wah,"New City Phase 2, New City",24000000,5,5,1575,7 Marla Double Story House For Sale On E Block Major Road In New City Phase 2,https://www.zameen.com/Property/new_city_new_city_phase_2_7_marla_double_story_house_for_sale_on_e_block_major_road_in_new_city_phase_2-47143303-8820-1.html,Added: 1 month ago,Houses_Property,33.742167,72.717948,16,Punjab,Glow Star Real Estate and Builders,Buy
Wah,"New City Phase 2, New City",15500000,4,5,1125,5 marla double story house for sale in E block new city phase 2,https://www.zameen.com/Property/new_city_new_city_phase_2_5_marla_double_story_house_for_sale_in_e_block_new_city_phase_2-47142184-8820-1.html,Added: 1 month ago,Houses_Property,33.742167,72.717948,14,Punjab,Glow Star Real Estate and Builders,Buy
Wah,"New City Phase 2, New City",15500000,4,5,1125,5 marla double story house for sale in E block new city phase 2,,Added: 1 month ago,Houses_Property,33.742167,72.717948,14,Punjab,Glow Star Real Estate and Builders,Buy
Wah,"New City Phase 2, New City",17000000,5,5,1125,5 marla double story duplex houses for sale in E block new city phase 2,https://www.zameen.com/Property/new_city_new_city_phase_2_5_marla_double_story_duplex_houses_for_sale_in_e_block_new_city_phase_2-47141836-8820-1.html,Added: 1 month ago,Houses_Property,33.742167,72.717948,16,Punjab,Glow Star Real Estate and Builders,Buy
Wah,"New City Phase 2, New City",65000000,7,6,4500,one kanal double story house with basement for sale on main boulevard in New city phase 2,https://www.zameen.com/Property/new_city_new_city_phase_2_one_kanal_double_story_house_with_basement_for_sale_on_main_boulevard_in_new_city_phase_2-47141259-8820-1.html,Added: 1 month ago,Houses_Property,33.742167,72.717948,18,Punjab,Glow Star Real Estate and Builders,Buy
Wah,"New City Phase 2, New City",65000000,7,6,4500,one kanal double story house with basement for sale on main boulevard in New city phase 2,,Added: 1 month ago,Houses_Property,33.742167,72.717948,18,Punjab,Glow Star Real Estate and Builders,Buy
Wah,"New City Phase 2, New City",9000000,2,3,1125,New City Phase 2 Wah Cantt,https://www.zameen.com/Property/new_city_new_city_phase_2_new_city_phase_2_wah_cantt-47111890-8820-1.html,Added: 1 month ago,Houses_Property,33.742167,72.717948,13,Punjab,Glow Star Real Estate and Builders,Buy
Wah,"New City Phase 2, New City",16000000,4,5,1125,5.5 marla double story house for sale in E block new city phase 2,https://www.zameen.com/Property/new_city_new_city_phase_2_5_5_marla_double_story_house_for_sale_in_e_block_new_city_phase_2-47112189-8820-1.html,Added: 1 month ago,Houses_Property,33.7422,72.7179,12,Punjab,Glow Star Real Estate and Builders,Buy
Wah,"New City - Block N, New City",57500000,6,0,4500,Luxury Kanal House For Sale,https://www.zameen.com/Property/new_city_new_city_-_block_n_luxury_kanal_house_for_sale-47009661-16799-1.html,Added: 2 months ago,Houses_Property,33.72950353,72.7231279,30,Punjab,Crown Realtors,Buy
Wah,"New City - Block N, New City",57500000,6,0,4500,Luxury Kanal House For Sale,,Added: 2 months ago,Houses_Property,33.72950353,72.7231279,30,Punjab,Crown Realtors,Buy
Wah,"Kohistan Enclave, Wah Cantt",26000000,5,5,1575,Kohistan Enclave E block 7 marla Brand New House For sale.,https://www.zameen.com/Property/wah_cantt_kohistan_enclave_kohistan_enclave_e_block_7_marla_brand_new_house_for_sale-46994383-10975-1.html,Added: 2 months ago,Houses_Property,33.769072,72.719728,27,Punjab,C7 Marketing,Buy
Wah,"New City Phase 2, New City",18500000,4,4,1125,A Block Major Road 1 Beautiful Luxury House New City Phase 2 Wah Cantt,https://www.zameen.com/Property/new_city_new_city_phase_2_a_block_major_road_1_beautiful_luxury_house_new_city_phase_2_wah_cantt-46971062-8820-1.html,Added: 2 months ago,Houses_Property,33.742167,72.717948,22,Punjab,C7 Builders & Developers,Buy
Wah,"Kohistan Enclave, Wah Cantt",16000000,4,4,968,HOUSE ON INSTALMENT AT KOHISTAN ENCLAVE,https://www.zameen.com/Property/wah_cantt_kohistan_enclave_house_on_instalment_at_kohistan_enclave-46968706-10975-1.html,Added: 2 months ago,Houses_Property,33.7690723,72.7197283,7,Punjab,Prestige Marketing,Buy
Wah,"New City Phase 2, New City",39800000,7,5,2250,Luxury House 10 Marla House With Basement H Block Near To Brahma Interchange Motorway Islamabad And Peshawar Interchange,https://www.zameen.com/Property/new_city_new_city_phase_2_luxury_house_10_marla_house_with_basement_h_block_near_to_brahma_interchange_motorway_islamabad_and_peshawar_interchange-46963580-8820-1.html,Added: 2 months ago,Houses_Property,33.742167,72.717948,19,Punjab,C7 Builders & Developers,Buy
Wah,"New City Phase 2, New City",40000000,7,6,2250,Alert New city phase 2 H block 10 marla Double story luxury Brand New House for sale,https://www.zameen.com/Property/new_city_new_city_phase_2_alert_new_city_phase_2_h_block_10_marla_double_story_luxury_brand_new_house_for_sale-46954125-8820-1.html,Added: 2 months ago,Houses_Property,33.742167,72.717948,19,Punjab,C7 Marketing,Buy
Wah,"New City Phase 2, New City",40000000,7,6,2250,Alert New city phase 2 H block 10 marla Double story luxury Brand New House for sale,,Added: 2 months ago,Houses_Property,33.742167,72.717948,19,Punjab,C7 Marketing,Buy
Wah,"Kohistan Enclave - Block F, Kohistan Enclave",23000000,4,6,1350,Kohistan Enclave 6 Marla Corner Double Story Brand New House For Sale.,https://www.zameen.com/Property/kohistan_enclave_kohistan_enclave_-_block_f_kohistan_enclave_6_marla_corner_double_story_brand_new_house_for_sale-46943656-20063-1.html,Added: 2 months ago,Houses_Property,33.76725519,72.71026988,18,Punjab,C7 Marketing,Buy
Wah,"New City Phase 2, New City",14000000,4,5,1125,5 Marla Villa Available For Urgent Sale At New City Phase 2 Wah Cantt Taxila,https://www.zameen.com/Property/new_city_new_city_phase_2_5_marla_villa_available_for_urgent_sale_at_new_city_phase_2_wah_cantt_taxila-46746541-8820-1.html,Added: 2 months ago,Houses_Property,33.742167,72.717948,18,Punjab,Malik Real Estate,Buy
Wah,"New City Phase 2, New City",14000000,4,5,1125,5 Marla Villa Available For Urgent Sale At New City Phase 2 Wah Cantt Taxila,,Added: 2 months ago,Houses_Property,33.742167,72.717948,18,Punjab,Malik Real Estate,Buy
Wah,"New City Phase 2, New City",17000000,4,4,1125,An Ideal House For Sale,https://www.zameen.com/Property/new_city_new_city_phase_2_an_ideal_house_for_sale-46889250-8820-1.html,Added: 2 months ago,Houses_Property,33.742167,72.717948,6,Punjab,USA Enterprises,Buy
Wah,"Wah Cantt, Wah",4500000,2,2,675,3 Marla Beautiful House For Sale,https://www.zameen.com/Property/wah_wah_cantt_3_marla_beautiful_house_for_sale-47103301-628-1.html,Added: 1 day ago,Houses_Property,33.771549,72.751098,5,Punjab,Gulshan E Kainat Associates & Property Consultants,Buy
Wah,"New City Phase 2, New City",9500000,2,3,900,4 Marla Brand New Single Story House For Sale Contact through WhatsApp 03336151935,https://www.zameen.com/Property/new_city_new_city_phase_2_4_marla_brand_new_single_story_house_for_sale_contact_through_whatsapp_03336151935-47637920-8820-1.html,Added: 5 days ago,Houses_Property,33.742167,72.717948,12,Punjab,Glow Star Real Estate and Builders,Buy
Wah,"New City Phase 2, New City",9500000,2,3,900,4 Marla Brand New Single Story House For Sale Contact through WhatsApp 03336151935,,Added: 5 days ago,Houses_Property,33.742167,72.717948,12,Punjab,Glow Star Real Estate and Builders,Buy
Wah,"New City Phase 2 - Block I, New City Phase 2",10500000,2,3,0,5 Marla Brand New Luxury Single Story House For Sale Contact through WhatsApp 03336151935,https://www.zameen.com/Property/new_city_phase_2_new_city_phase_2_-_block_i_5_marla_brand_new_luxury_single_story_house_for_sale_contact_through_whatsapp_03336151935-47637899-19518-1.html,Added: 5 days ago,Houses_Property,33.7240175552224,72.78837014699299,12,Punjab,Glow Star Real Estate and Builders,Buy
Wah,"Wah Cantt, Wah",13500000,3,3,1350,In Wah Cantt 6 Marla House For sale,https://www.zameen.com/Property/wah_wah_cantt_in_wah_cantt_6_marla_house_for_sale-47566220-628-1.html,Added: 5 days ago,Houses_Property,33.771549,72.751098,16,Punjab,,Buy
Wah,"Wah Cantt, Wah",13500000,3,3,1350,In Wah Cantt 6 Marla House For sale,,Added: 5 days ago,Houses_Property,33.771549,72.751098,16,Punjab,,Buy
Wah,"New City Phase 2 - Block L, New City Phase 2",13500000,4,5,1125,5 Marla Double Story New House Block L New City Phase 2 Wah Cantt Taxila,https://www.zameen.com/Property/new_city_phase_2_new_city_phase_2_-_block_l_5_marla_double_story_new_house_block_l_new_city_phase_2_wah_cantt_taxila-47503009-19520-1.html,Added: 2 weeks ago,Houses_Property,33.7363888030092,72.7196932879522,6,Punjab,City property Avenue,Buy
Wah,"New City Phase 2 - Block L, New City Phase 2",13500000,4,5,1125,5 Marla Double Story New House Block L New City Phase 2 Wah Cantt Taxila,,Added: 2 weeks ago,Houses_Property,33.7363888030092,72.7196932879522,6,Punjab,City property Avenue,Buy
Wah,"New City Phase 2 - Block L, New City Phase 2",13500000,4,5,1125,5 Marla Double Story New House Block L New City Phase 2 Wah Cantt Taxila,,Added: 2 weeks ago,Houses_Property,33.7363888030092,72.7196932879522,6,Punjab,City property Avenue,Buy
Wah,"New City - Block A, New City",21000000,4,5,1575,7 Marla Doubel Story New House A Block New City Phase-2 Wah Cantt Taxila,https://www.zameen.com/Property/new_city_new_city_-_block_a_7_marla_doubel_story_new_house_a_block_new_city_phase-2_wah_cantt_taxila-47400384-15614-1.html,Added: 3 weeks ago,Houses_Property,33.74986607,72.74200767,17,Punjab,City property Avenue,Buy
Wah,"New City - Block A, New City",21000000,4,5,1575,7 Marla Doubel Story New House A Block New City Phase-2 Wah Cantt Taxila,,Added: 3 weeks ago,Houses_Property,33.74986607,72.74200767,17,Punjab,City property Avenue,Buy
Wah,"New City Phase 2, New City",8500000,2,3,1125,5 Marla Single Story House J Block New City Phase 2 Housing Project Wah Cantt Taxila,https://www.zameen.com/Property/new_city_new_city_phase_2_5_marla_single_story_house_j_block_new_city_phase_2_housing_project_wah_cantt_taxila-47033955-8820-1.html,Added: 1 month ago,Houses_Property,33.742167,72.717948,14,Punjab,City property Avenue,Buy
Wah,"New City Phase 2, New City",14200000,6,6,1125,L Block Double Storey For Sale,https://www.zameen.com/Property/new_city_new_city_phase_2_l_block_double_storey_for_sale-46800150-8820-1.html,Added: 2 months ago,Houses_Property,33.742167,72.717948,10,Punjab,Pak Land Associates,Buy
Wah,"New City Phase 2, New City",14200000,6,6,1125,L Block Double Storey For Sale,,Added: 2 months ago,Houses_Property,33.742167,72.717948,10,Punjab,Pak Land Associates,Buy
Wah,"Kohistan Enclave, Wah Cantt",3860000,0,1,382,STUDIO APARTMENT FOR SALE IN KOHISTAN ENCLAVE,https://www.zameen.com/Property/wah_cantt_kohistan_enclave_studio_apartment_for_sale_in_kohistan_enclave-47597539-10975-1.html,Added: 1 day ago,Flats_Apartments,33.7690723,72.7197283,5,Punjab,Prestige Marketing,Buy
Wah,"New City Phase 1, New City",12500000,3,3,1125,New City Plot Phase 2 Block A Street 3,https://www.zameen.com/Property/new_city_new_city_phase_1_new_city_plot_phase_2_block_a_street_3-47670216-8819-1.html,Added: 3 days ago,Houses_Property,33.756815,72.756357,4,Punjab,,Buy
Wah,"New City Phase 1, New City",12500000,3,3,1125,New City Plot Phase 2 Block A Street 3,,Added: 3 days ago,Houses_Property,33.756815,72.756357,4,Punjab,,Buy
Wah,"New City Phase 2, New City",13500000,4,5,1125,"New City Phase 2 
J Block
Street 3
5 Marla Double Story",https://www.zameen.com/Property/new_city_new_city_phase_2_new_city_phase_2_j_block_street_3_5_marla_double_story-47638040-8820-1.html,Added: 5 days ago,Houses_Property,33.74216700000001,72.71794800000004,17,Punjab,Glow Star Real Estate and Builders,Buy
Wah,"Kohistan Enclave, Wah Cantt",7000000,1,1,562,Apartment For Sale In Kohistan Enclave Near Wah 557 Sq Feet,https://www.zameen.com/Property/wah_cantt_kohistan_enclave_apartment_for_sale_in_kohistan_enclave_near_wah_557_sq_feet-46863561-10975-1.html,Added: 2 weeks ago,Flats_Apartments,33.7690723,72.7197283,2,Punjab,Beton Marketing,Buy
Wah,"Kohistan Enclave, Wah Cantt",7000000,1,1,562,Apartment For Sale In Kohistan Enclave Near Wah 557 Sq Feet,,Added: 2 weeks ago,Flats_Apartments,33.7690723,72.7197283,2,Punjab,Beton Marketing,Buy
Wah,"Kohistan Enclave, Wah Cantt",23000000,6,4,1350,Kohistan Enclave Brand New Cornor House Near to Gt Road and Motorway Interchange,https://www.zameen.com/Property/wah_cantt_kohistan_enclave_kohistan_enclave_brand_new_cornor_house_near_to_gt_road_and_motorway_interchange-46935153-10975-1.html,Added: 2 months ago,Houses_Property,33.7690723,72.7197283,4,Punjab,C7 Builders & Developers,Buy
Wah,"New City - Block G, New City",6076000,1,1,428,Riwa mall 2,https://www.zameen.com/Property/new_city_new_city_-_block_g_riwa_mall_2-47418685-16638-1.html,Added: 1 day ago,Flats_Apartments,33.7433429,72.72042269,1,Punjab,Bestway Real Estate,Buy
Wah,"New City - Block G, New City",6076000,1,1,428,Riwa mall 2,,Added: 1 day ago,Flats_Apartments,33.7433429,72.72042269,1,Punjab,Bestway Real Estate,Buy
Wah,"New City Phase 2, New City",14400000,2,2,1192,2 Bed Luxury Apartment New City Arcade,https://www.zameen.com/Property/new_city_new_city_phase_2_2_bed_luxury_apartment_new_city_arcade-46419960-8820-1.html,Added: 3 weeks ago,Flats_Apartments,33.742167,72.717948,3,Punjab,SADAAT ASSOCIATES,Buy
Wah,"New City Phase 2, New City",16500000,4,5,1125,"New City Phase 2,wah Cantt
M Block
Gas Sector
5 Marla Double Story",https://www.zameen.com/Property/new_city_new_city_phase_2_new_city_phase_2_wah_cantt_m_block_gas_sector_5_marla_double_story-47637906-8820-1.html,Added: 5 days ago,Houses_Property,33.742167,72.717948,16,Punjab,Glow Star Real Estate and Builders,Buy
Wah,"Kohistan Enclave, Wah Cantt",10000000,3,3,720,3.2 Marla 20x40 Luxury Smart House,https://www.zameen.com/Property/wah_cantt_kohistan_enclave_3_2_marla_20x40_luxury_smart_house-46759552-10975-1.html,Added: 3 weeks ago,Houses_Property,33.7690723,72.7197283,3,Punjab,SADAAT ASSOCIATES,Buy
Wah,"Kohistan Enclave, Wah Cantt",10000000,3,3,720,3.2 Marla 20x40 Luxury Smart House,,Added: 3 weeks ago,Houses_Property,33.7690723,72.7197283,3,Punjab,SADAAT ASSOCIATES,Buy
Wah,"New City Phase 2, New City",16500000,4,0,1125,Own Pairs Houses On Major Road L Block Corner/non Corner In New City Phase 2,https://www.zameen.com/Property/new_city_new_city_phase_2_own_pairs_houses_on_major_road_l_block_corner_non_corner_in_new_city_phase_2-46766841-8820-1.html,Added: 1 week ago,Houses_Property,33.742167,72.717948,0,Punjab,Red Leaf Real Estate,Buy
Wah,"New City Phase 2, New City",17000000,5,5,1125,"New City Phase 2,Wah Cantt",https://www.zameen.com/Property/new_city_new_city_phase_2_new_city_phase_2_wah_cantt-47202032-8820-1.html,Added: 2 weeks ago,Houses_Property,33.742167,72.717948,0,Punjab,Glow Star Real Estate and Builders,Buy
Wah,"New City Phase 2, New City",17000000,5,5,1125,5 marla double story house for sale in E block new city phase 2,https://www.zameen.com/Property/new_city_new_city_phase_2_5_marla_double_story_house_for_sale_in_e_block_new_city_phase_2-47492281-8820-1.html,Added: 2 weeks ago,Houses_Property,33.742167,72.717948,13,Punjab,Glow Star Real Estate and Builders,Buy
Wah,"New City Phase 2, New City",10500000,2,3,1125,5 marla single story house for sale in i block new city phase 2,https://www.zameen.com/Property/new_city_new_city_phase_2_5_marla_single_story_house_for_sale_in_i_block_new_city_phase_2-47481552-8820-1.html,Added: 2 weeks ago,Houses_Property,33.742167,72.717948,11,Punjab,Glow Star Real Estate and Builders,Buy
Wah,"New City Phase 2 - Block I, New City Phase 2",15500000,5,5,1125,Gorgeous 1125 Square Feet House For Sale Available In New City Phase 2 - Block I,https://www.zameen.com/Property/new_city_phase_2_new_city_phase_2_-_block_i_gorgeous_1125_square_feet_house_for_sale_available_in_new_city_phase_2_-_block_i-47301280-19518-1.html,Added: 4 weeks ago,Houses_Property,33.7409778757358,72.7141405729155,0,Punjab,One Click Real Estate & Property Management Services,Buy
Wah,"New City Phase 2 - Block I, New City Phase 2",15500000,5,5,1125,Gorgeous 1125 Square Feet House For Sale Available In New City Phase 2 - Block I,,Added: 4 weeks ago,Houses_Property,33.7409778757358,72.7141405729155,0,Punjab,One Click Real Estate & Property Management Services,Buy
Wah,"Kohistan Enclave, Wah Cantt",7640000,2,2,765,SEMI FURNISHED APPARTMENTS EUROPEAN ELEVATION AT KOHISTAN ENLCAVE,https://www.zameen.com/Property/wah_cantt_kohistan_enclave_semi_furnished_appartments_european_elevation_at_kohistan_enlcave-46979566-10975-1.html,Added: 2 months ago,Flats_Apartments,33.7690723,72.7197283,0,Punjab,Prestige Marketing,Buy
Wah,"Wah Model Town - Phase 2, Model Town",35000000,8,6,3600,16 Marla Home Near To Gt Road,https://www.zameen.com/Property/model_town_wah_model_town_-_phase_2_16_marla_home_near_to_gt_road-46840857-11396-1.html,Added: 6 days ago,Houses_Property,33.768672,72.727599,0,Punjab,Prestige Marketing,Buy
Wah,"Wah Model Town - Phase 2, Model Town",35000000,8,6,3600,16 Marla Home Near To Gt Road,,Added: 6 days ago,Houses_Property,33.768672,72.727599,0,Punjab,Prestige Marketing,Buy
Wah,"New City Phase 2, New City",11000000,2,3,1125,5 Marla Single Story New House New City Phase-2 Wah Cantt Taxila,https://www.zameen.com/Property/new_city_new_city_phase_2_5_marla_single_story_new_house_new_city_phase-2_wah_cantt_taxila-47400013-8820-1.html,Added: 3 weeks ago,Houses_Property,33.742167,72.717948,0,Punjab,City property Avenue,Buy
Wah,"New City Phase 2, New City",14500000,4,5,1125,5 Marla Double Story Brand New House New City Phase 2 Wah Cantt Taxila,https://www.zameen.com/Property/new_city_new_city_phase_2_5_marla_double_story_brand_new_house_new_city_phase_2_wah_cantt_taxila-47220163-8820-1.html,Added: 3 weeks ago,Houses_Property,33.74216700000001,72.71794800000004,0,Punjab,City property Avenue,Buy
Wah,"New City Phase 2, New City",14500000,4,5,1125,5 Marla Double Story Brand New House New City Phase 2 Wah Cantt Taxila,,Added: 3 weeks ago,Houses_Property,33.74216700000001,72.71794800000004,0,Punjab,City property Avenue,Buy
Wah,"New City Phase 2, New City",14500000,4,5,1125,5 Marla Double Story Brand New House New City Phase 2 Wah Cantt Taxila,,Added: 3 weeks ago,Houses_Property,33.74216700000001,72.71794800000004,0,Punjab,City property Avenue,Buy
Wah,"New City Phase 2, New City",14500000,4,5,1125,5 Marla Double Story Brand New House New City Phase 2 Wah Cantt Taxila,,Added: 3 weeks ago,Houses_Property,33.74216700000001,72.71794800000004,0,Punjab,City property Avenue,Buy
Wah,"New City Phase 2, New City",14500000,4,5,1125,5 Marla Double Story Brand New House New City Phase 2 Wah Cantt Taxila,,Added: 3 weeks ago,Houses_Property,33.74216700000001,72.71794800000004,0,Punjab,City property Avenue,Buy
Wah,"New City Phase 2, New City",14500000,4,5,1125,5 Marla Double Story Brand New House New City Phase 2 Wah Cantt Taxila,,Added: 3 weeks ago,Houses_Property,33.74216700000001,72.71794800000004,0,Punjab,City property Avenue,Buy
Wah,"New City Phase 2, New City",14500000,4,5,1125,5 Marla Double Story Brand New House New City Phase 2 Wah Cantt Taxila,,Added: 3 weeks ago,Houses_Property,33.74216700000001,72.71794800000004,0,Punjab,City property Avenue,Buy
